sample	chrom	start	end	label	type
NA12739	chr12	0	133275309	NGS-DOSE: +12 (2.99 copies, every cell)	gain
HG01103	chr2	140000000	179000000	NGS-DOSE: -2(140-179Mb)[0.68] (1.32 copies, 68% of cells)	loss
NA12739	chr12	78304	8381457	DRAGEN CNV: CN 3 (segment mean 1.52)	gain
NA12739	chr12	11415256	30324660	DRAGEN CNV: CN 3 (segment mean 1.49)	gain
NA12739	chr12	30328692	33142212	DRAGEN CNV: CN 3 (segment mean 1.53)	gain
NA12739	chr12	37624995	45508891	DRAGEN CNV: CN 3 (segment mean 1.48)	gain
NA12739	chr12	45515556	59541425	DRAGEN CNV: CN 3 (segment mean 1.53)	gain
NA12739	chr12	60131988	71208215	DRAGEN CNV: CN 3 (segment mean 1.49)	gain
NA12739	chr12	71964009	79758764	DRAGEN CNV: CN 3 (segment mean 1.45)	gain
NA12739	chr12	79769261	90093074	DRAGEN CNV: CN 3 (segment mean 1.44)	gain
NA12739	chr12	90094113	101708483	DRAGEN CNV: CN 3 (segment mean 1.50)	gain
NA12739	chr12	101712910	114012027	DRAGEN CNV: CN 3 (segment mean 1.52)	gain
NA12739	chr12	114013107	123910210	DRAGEN CNV: CN 3 (segment mean 1.53)	gain
NA12739	chr12	123912920	127123091	DRAGEN CNV: CN 3 (segment mean 1.51)	gain
NA12739	chr12	128085891	131645699	DRAGEN CNV: CN 3 (segment mean 1.49)	gain
NA12748	chr13	87619008	90210757	DRAGEN CNV: CN 3 (segment mean 1.28)	gain
NA12748	chr13	90212756	101241138	DRAGEN CNV: CN 3 (segment mean 1.33)	gain
NA12748	chr13	101244373	111668671	DRAGEN CNV: CN 3 (segment mean 1.31)	gain
NA12748	chr13	111790054	114154011	DRAGEN CNV: CN 3 (segment mean 1.34)	gain
NA12748	chr21	44199492	46680053	DRAGEN CNV: CN 1 (segment mean 0.68)	loss
HG01103	chr2	140685856	153220004	DRAGEN CNV: CN 1 (segment mean 0.66)	loss
HG01103	chr2	153802033	161475965	DRAGEN CNV: CN 1 (segment mean 0.66)	loss
HG01103	chr2	161477368	167145021	DRAGEN CNV: CN 1 (segment mean 0.64)	loss
HG01103	chr2	167157121	172040081	DRAGEN CNV: CN 1 (segment mean 0.68)	loss
HG01103	chr2	176830742	179545490	DRAGEN CNV: CN 1 (segment mean 0.68)	loss
HG01103	chr2	200373358	202442322	DRAGEN CNV: CN 1 (segment mean 0.68)	loss
HG01103	chr14	35283715	37294455	DRAGEN CNV: CN 1 (segment mean 0.68)	loss
HG01103	chr14	37301823	41199804	DRAGEN CNV: CN 1 (segment mean 0.65)	loss
