trio	sample	role	chrom	start	end	span	type	f	f_lrr	f_baf	lrr	d_hat	het_rate_rel	mie_rate	origin	origin_llr	origin_n	inheritance	external	note
HG01103	HG01103	child	chr2	141000000	173000000	stretch	loss	0.6677	0.6677	0.6207	-0.586	0.225	0.9902	0.01898	paternal copy lost	3.939e+04	4060	new (neither parent carries it)	NGS-DOSE: -2(140-179Mb)[0.68] (1.32 copies, 68% of cells); DRAGEN CNV: CN 1; DRAGEN CNV: CN 1; DRAGEN CNV: CN 1; DRAGEN CNV: CN 1	
HG01103	HG01103	child	chr2	173000000	180000000	stretch	loss	0.3126	0.3126	0.3607	-0.2452	0.11	1.024	0.01151	paternal copy lost	1441	1099	new (neither parent carries it)	NGS-DOSE: -2(140-179Mb)[0.68] (1.32 copies, 68% of cells)	
HG01103	HG01103	child	chr10	25000000	34000000	stretch	LOH	1	NA	1	-0.001277	0.03	0.08619	0.004817		NA	125	new (neither parent carries it)		no heterozygous calls: in every cell (a uniparental disomy, or a deletion the depth missed); a run of homozygosity (both copies identical by descent), not a uniparental disomy: no Mendelian errors
HG01103	HG01103	child	chr14	35000000	41000000	stretch	loss	0.6389	0.6389	0.6207	-0.5552	0.225	0.9654	0.02753	paternal copy lost	1.19e+04	1210	new (neither parent carries it)	DRAGEN CNV: CN 1	
HG01103	HG01101	father	chr9	127000000	138394717	stretch	gain	0.102	0.102	0.1505	0.07178	0.035	1.078	0.01059		NA	0	not passed to the child		
HG01103	HG01101	father	chr11	21000000	26000000	stretch	LOH	1	NA	1	-0.01781	0.01734	0.09238	0.004741		NA	0	not passed to the child		no heterozygous calls: in every cell (a uniparental disomy, or a deletion the depth missed); in every cell: a run of homozygosity (identical by descent) unless the depth says otherwise
HG01103	HG01101	father	chr11	44000000	51000000	stretch	LOH	0.2684	NA	0.2684	0.02967	0.1342	0.00859	0.007743		NA	0	not passed to the child		
HG01103	HG01101	father	chr11	51000000	59000000	stretch	LOH	0.1035	NA	0.1035	0.005015	0.05175	0.3187	0.05406		NA	0	not passed to the child		
HG01103	HG01101	father	chr17	43000000	50000000	stretch	LOH	0.1757	NA	0.1757	0.01387	0.08787	0.01633	0.02379		NA	0	not passed to the child		
HG01103	HG01101	father	chr19	0	5000000	stretch	gain	0.1371	0.1371	0.1277	0.09564	0.03	1.064	0.01744		NA	0	not passed to the child		
HG01103	HG01102	mother	chr7	79000000	87000000	stretch	LOH	0.416	NA	0.416	-0.01374	0.208	0.006035	0.00453		NA	0	not passed to the child		
NA12739	NA12739	child	chr1	0	5000000	stretch	gain	0.1204	0.1204	0.1739	0.08436	0.04	0.9863	0.02329	extra copy maternal	75.74	1039	new (neither parent carries it)		
NA12739	NA12739	child	chr12	0	133275309	whole	gain	0.9569	0.9569	0.9412	0.5641	0.16	0.9624	0.008758	extra copy paternal	-1.833e+05	17678	new (neither parent carries it)	NGS-DOSE: +12 (2.99 copies, every cell); DRAGEN CNV: CNV CN 3; DRAGEN CNV: CNV CN 3; DRAGEN CNV: CNV CN 3; DRAGEN CNV: CNV CN 3; DRAGEN CNV: CNV CN 3; DRAGEN CNV: CNV CN 3; DRAGEN CNV: CNV CN 3; DRAGEN CNV: CNV CN 3; DRAGEN CNV: CNV CN 3; DRAGEN CNV: CNV CN 3; DRAGEN CNV: CNV CN 3; DRAGEN CNV: CNV CN 3	joined across 2 bin(s) the panel left out
NA12739	NA12748	father	chr13	88000000	114364328	stretch	gain	0.693	0.693	0.6667	0.4292	0.125	0.9602	0.009179		NA	0	not passed to the child	DRAGEN CNV: CNV CN 3; DRAGEN CNV: CNV CN 3	
