#triokaryo GC track: hg38 (UCSC hg38.fa.gz, primary chromosomes), 1-Mb bins; the GC fraction of the bin's non-N bases, NA where there are none
chrom	start	end	gc
chr1	0	1000000	0.4565
chr1	1000000	2000000	0.5729
chr1	2000000	3000000	0.5837
chr1	3000000	4000000	0.5647
chr1	4000000	5000000	0.4790
chr1	5000000	6000000	0.4723
chr1	6000000	7000000	0.5163
chr1	7000000	8000000	0.4778
chr1	8000000	9000000	0.4455
chr1	9000000	10000000	0.5015
chr1	10000000	11000000	0.4808
chr1	11000000	12000000	0.5004
chr1	12000000	13000000	0.4658
chr1	13000000	14000000	0.4520
chr1	14000000	15000000	0.4499
chr1	15000000	16000000	0.4838
chr1	16000000	17000000	0.5012
chr1	17000000	18000000	0.5026
chr1	18000000	19000000	0.4975
chr1	19000000	20000000	0.4717
chr1	20000000	21000000	0.4610
chr1	21000000	22000000	0.4832
chr1	22000000	23000000	0.4944
chr1	23000000	24000000	0.4607
chr1	24000000	25000000	0.4692
chr1	25000000	26000000	0.4771
chr1	26000000	27000000	0.4863
chr1	27000000	28000000	0.4860
chr1	28000000	29000000	0.4531
chr1	29000000	30000000	0.4734
chr1	30000000	31000000	0.4824
chr1	31000000	32000000	0.4732
chr1	32000000	33000000	0.4729
chr1	33000000	34000000	0.4590
chr1	34000000	35000000	0.4480
chr1	35000000	36000000	0.4239
chr1	36000000	37000000	0.4845
chr1	37000000	38000000	0.4729
chr1	38000000	39000000	0.4547
chr1	39000000	40000000	0.4583
chr1	40000000	41000000	0.4441
chr1	41000000	42000000	0.4625
chr1	42000000	43000000	0.4244
chr1	43000000	44000000	0.4750
chr1	44000000	45000000	0.4654
chr1	45000000	46000000	0.4263
chr1	46000000	47000000	0.4568
chr1	47000000	48000000	0.4606
chr1	48000000	49000000	0.4152
chr1	49000000	50000000	0.3757
chr1	50000000	51000000	0.4006
chr1	51000000	52000000	0.4111
chr1	52000000	53000000	0.4235
chr1	53000000	54000000	0.4730
chr1	54000000	55000000	0.4849
chr1	55000000	56000000	0.4125
chr1	56000000	57000000	0.4044
chr1	57000000	58000000	0.4061
chr1	58000000	59000000	0.4170
chr1	59000000	60000000	0.4029
chr1	60000000	61000000	0.3859
chr1	61000000	62000000	0.3999
chr1	62000000	63000000	0.4070
chr1	63000000	64000000	0.4035
chr1	64000000	65000000	0.4063
chr1	65000000	66000000	0.3925
chr1	66000000	67000000	0.3776
chr1	67000000	68000000	0.4090
chr1	68000000	69000000	0.3868
chr1	69000000	70000000	0.3618
chr1	70000000	71000000	0.3761
chr1	71000000	72000000	0.3616
chr1	72000000	73000000	0.3477
chr1	73000000	74000000	0.3519
chr1	74000000	75000000	0.3645
chr1	75000000	76000000	0.3762
chr1	76000000	77000000	0.3868
chr1	77000000	78000000	0.3882
chr1	78000000	79000000	0.3723
chr1	79000000	80000000	0.3569
chr1	80000000	81000000	0.3504
chr1	81000000	82000000	0.3664
chr1	82000000	83000000	0.3662
chr1	83000000	84000000	0.3738
chr1	84000000	85000000	0.3891
chr1	85000000	86000000	0.3871
chr1	86000000	87000000	0.3816
chr1	87000000	88000000	0.3923
chr1	88000000	89000000	0.3775
chr1	89000000	90000000	0.3971
chr1	90000000	91000000	0.3858
chr1	91000000	92000000	0.4079
chr1	92000000	93000000	0.3933
chr1	93000000	94000000	0.4064
chr1	94000000	95000000	0.4168
chr1	95000000	96000000	0.3827
chr1	96000000	97000000	0.3733
chr1	97000000	98000000	0.3528
chr1	98000000	99000000	0.3631
chr1	99000000	100000000	0.3773
chr1	100000000	101000000	0.3815
chr1	101000000	102000000	0.3724
chr1	102000000	103000000	0.3481
chr1	103000000	104000000	0.3467
chr1	104000000	105000000	0.3514
chr1	105000000	106000000	0.3437
chr1	106000000	107000000	0.3547
chr1	107000000	108000000	0.3792
chr1	108000000	109000000	0.4004
chr1	109000000	110000000	0.4617
chr1	110000000	111000000	0.4445
chr1	111000000	112000000	0.4224
chr1	112000000	113000000	0.4339
chr1	113000000	114000000	0.3994
chr1	114000000	115000000	0.4063
chr1	115000000	116000000	0.4174
chr1	116000000	117000000	0.4307
chr1	117000000	118000000	0.4057
chr1	118000000	119000000	0.3802
chr1	119000000	120000000	0.4164
chr1	120000000	121000000	0.4062
chr1	121000000	122000000	0.4118
chr1	122000000	123000000	0.4048
chr1	123000000	124000000	0.3921
chr1	124000000	125000000	0.3956
chr1	125000000	126000000	0.3810
chr1	126000000	127000000	NA
chr1	127000000	128000000	NA
chr1	128000000	129000000	NA
chr1	129000000	130000000	NA
chr1	130000000	131000000	NA
chr1	131000000	132000000	NA
chr1	132000000	133000000	NA
chr1	133000000	134000000	NA
chr1	134000000	135000000	NA
chr1	135000000	136000000	NA
chr1	136000000	137000000	NA
chr1	137000000	138000000	NA
chr1	138000000	139000000	NA
chr1	139000000	140000000	NA
chr1	140000000	141000000	NA
chr1	141000000	142000000	NA
chr1	142000000	143000000	NA
chr1	143000000	144000000	0.4186
chr1	144000000	145000000	0.4227
chr1	145000000	146000000	0.4311
chr1	146000000	147000000	0.4176
chr1	147000000	148000000	0.4114
chr1	148000000	149000000	0.4154
chr1	149000000	150000000	0.4216
chr1	150000000	151000000	0.4369
chr1	151000000	152000000	0.4574
chr1	152000000	153000000	0.4152
chr1	153000000	154000000	0.4540
chr1	154000000	155000000	0.4664
chr1	155000000	156000000	0.4733
chr1	156000000	157000000	0.5063
chr1	157000000	158000000	0.4211
chr1	158000000	159000000	0.3918
chr1	159000000	160000000	0.4099
chr1	160000000	161000000	0.4393
chr1	161000000	162000000	0.4459
chr1	162000000	163000000	0.4138
chr1	163000000	164000000	0.3765
chr1	164000000	165000000	0.3936
chr1	165000000	166000000	0.4210
chr1	166000000	167000000	0.4033
chr1	167000000	168000000	0.4188
chr1	168000000	169000000	0.4033
chr1	169000000	170000000	0.3826
chr1	170000000	171000000	0.3774
chr1	171000000	172000000	0.3981
chr1	172000000	173000000	0.3813
chr1	173000000	174000000	0.3946
chr1	174000000	175000000	0.3835
chr1	175000000	176000000	0.4296
chr1	176000000	177000000	0.3908
chr1	177000000	178000000	0.4076
chr1	178000000	179000000	0.3966
chr1	179000000	180000000	0.4112
chr1	180000000	181000000	0.4098
chr1	181000000	182000000	0.4338
chr1	182000000	183000000	0.4192
chr1	183000000	184000000	0.4119
chr1	184000000	185000000	0.3983
chr1	185000000	186000000	0.3792
chr1	186000000	187000000	0.3666
chr1	187000000	188000000	0.3572
chr1	188000000	189000000	0.3434
chr1	189000000	190000000	0.3395
chr1	190000000	191000000	0.3359
chr1	191000000	192000000	0.3442
chr1	192000000	193000000	0.3618
chr1	193000000	194000000	0.3639
chr1	194000000	195000000	0.3450
chr1	195000000	196000000	0.3420
chr1	196000000	197000000	0.3489
chr1	197000000	198000000	0.3623
chr1	198000000	199000000	0.3600
chr1	199000000	200000000	0.3703
chr1	200000000	201000000	0.4184
chr1	201000000	202000000	0.4887
chr1	202000000	203000000	0.4575
chr1	203000000	204000000	0.4637
chr1	204000000	205000000	0.4755
chr1	205000000	206000000	0.4729
chr1	206000000	207000000	0.4475
chr1	207000000	208000000	0.4044
chr1	208000000	209000000	0.4242
chr1	209000000	210000000	0.4218
chr1	210000000	211000000	0.4105
chr1	211000000	212000000	0.4215
chr1	212000000	213000000	0.4313
chr1	213000000	214000000	0.4079
chr1	214000000	215000000	0.4017
chr1	215000000	216000000	0.3677
chr1	216000000	217000000	0.3679
chr1	217000000	218000000	0.3770
chr1	218000000	219000000	0.3840
chr1	219000000	220000000	0.3810
chr1	220000000	221000000	0.4031
chr1	221000000	222000000	0.3906
chr1	222000000	223000000	0.3993
chr1	223000000	224000000	0.4463
chr1	224000000	225000000	0.4230
chr1	225000000	226000000	0.4189
chr1	226000000	227000000	0.4640
chr1	227000000	228000000	0.4260
chr1	228000000	229000000	0.4960
chr1	229000000	230000000	0.4358
chr1	230000000	231000000	0.4461
chr1	231000000	232000000	0.4242
chr1	232000000	233000000	0.4187
chr1	233000000	234000000	0.4023
chr1	234000000	235000000	0.4374
chr1	235000000	236000000	0.4243
chr1	236000000	237000000	0.4287
chr1	237000000	238000000	0.3898
chr1	238000000	239000000	0.3684
chr1	239000000	240000000	0.3822
chr1	240000000	241000000	0.3973
chr1	241000000	242000000	0.3993
chr1	242000000	243000000	0.4079
chr1	243000000	244000000	0.3907
chr1	244000000	245000000	0.4253
chr1	245000000	246000000	0.4381
chr1	246000000	247000000	0.4134
chr1	247000000	248000000	0.4120
chr1	248000000	248956422	0.3947
chr2	0	1000000	0.4409
chr2	1000000	2000000	0.4658
chr2	2000000	3000000	0.4432
chr2	3000000	4000000	0.4654
chr2	4000000	5000000	0.3853
chr2	5000000	6000000	0.4039
chr2	6000000	7000000	0.4022
chr2	7000000	8000000	0.4092
chr2	8000000	9000000	0.4367
chr2	9000000	10000000	0.4492
chr2	10000000	11000000	0.4913
chr2	11000000	12000000	0.4433
chr2	12000000	13000000	0.4034
chr2	13000000	14000000	0.3553
chr2	14000000	15000000	0.3808
chr2	15000000	16000000	0.4211
chr2	16000000	17000000	0.4200
chr2	17000000	18000000	0.3889
chr2	18000000	19000000	0.3875
chr2	19000000	20000000	0.4115
chr2	20000000	21000000	0.4512
chr2	21000000	22000000	0.3866
chr2	22000000	23000000	0.3736
chr2	23000000	24000000	0.4459
chr2	24000000	25000000	0.4213
chr2	25000000	26000000	0.4539
chr2	26000000	27000000	0.4645
chr2	27000000	28000000	0.4517
chr2	28000000	29000000	0.4366
chr2	29000000	30000000	0.4339
chr2	30000000	31000000	0.4333
chr2	31000000	32000000	0.4134
chr2	32000000	33000000	0.4043
chr2	33000000	34000000	0.4014
chr2	34000000	35000000	0.3704
chr2	35000000	36000000	0.3571
chr2	36000000	37000000	0.3955
chr2	37000000	38000000	0.4008
chr2	38000000	39000000	0.4220
chr2	39000000	40000000	0.3928
chr2	40000000	41000000	0.3651
chr2	41000000	42000000	0.3837
chr2	42000000	43000000	0.4407
chr2	43000000	44000000	0.4271
chr2	44000000	45000000	0.4104
chr2	45000000	46000000	0.4271
chr2	46000000	47000000	0.4381
chr2	47000000	48000000	0.4470
chr2	48000000	49000000	0.4046
chr2	49000000	50000000	0.3724
chr2	50000000	51000000	0.3573
chr2	51000000	52000000	0.3532
chr2	52000000	53000000	0.3606
chr2	53000000	54000000	0.3835
chr2	54000000	55000000	0.4081
chr2	55000000	56000000	0.3946
chr2	56000000	57000000	0.3727
chr2	57000000	58000000	0.3553
chr2	58000000	59000000	0.3685
chr2	59000000	60000000	0.3829
chr2	60000000	61000000	0.4238
chr2	61000000	62000000	0.4124
chr2	62000000	63000000	0.4064
chr2	63000000	64000000	0.3781
chr2	64000000	65000000	0.4234
chr2	65000000	66000000	0.4276
chr2	66000000	67000000	0.3908
chr2	67000000	68000000	0.3888
chr2	68000000	69000000	0.3965
chr2	69000000	70000000	0.4208
chr2	70000000	71000000	0.4469
chr2	71000000	72000000	0.4480
chr2	72000000	73000000	0.4089
chr2	73000000	74000000	0.4371
chr2	74000000	75000000	0.4548
chr2	75000000	76000000	0.3932
chr2	76000000	77000000	0.3589
chr2	77000000	78000000	0.3509
chr2	78000000	79000000	0.3541
chr2	79000000	80000000	0.3835
chr2	80000000	81000000	0.3852
chr2	81000000	82000000	0.3569
chr2	82000000	83000000	0.3509
chr2	83000000	84000000	0.3577
chr2	84000000	85000000	0.4013
chr2	85000000	86000000	0.4684
chr2	86000000	87000000	0.4226
chr2	87000000	88000000	0.4208
chr2	88000000	89000000	0.4227
chr2	89000000	90000000	0.4084
chr2	90000000	91000000	0.4108
chr2	91000000	92000000	0.4310
chr2	92000000	93000000	0.3845
chr2	93000000	94000000	0.3831
chr2	94000000	95000000	0.3996
chr2	95000000	96000000	0.4386
chr2	96000000	97000000	0.4900
chr2	97000000	98000000	0.4095
chr2	98000000	99000000	0.4340
chr2	99000000	100000000	0.4072
chr2	100000000	101000000	0.4384
chr2	101000000	102000000	0.4326
chr2	102000000	103000000	0.4023
chr2	103000000	104000000	0.3620
chr2	104000000	105000000	0.3955
chr2	105000000	106000000	0.4325
chr2	106000000	107000000	0.4193
chr2	107000000	108000000	0.3834
chr2	108000000	109000000	0.4074
chr2	109000000	110000000	0.4571
chr2	110000000	111000000	0.4324
chr2	111000000	112000000	0.4364
chr2	112000000	113000000	0.4248
chr2	113000000	114000000	0.4315
chr2	114000000	115000000	0.3836
chr2	115000000	116000000	0.3607
chr2	116000000	117000000	0.3637
chr2	117000000	118000000	0.3913
chr2	118000000	119000000	0.4220
chr2	119000000	120000000	0.4332
chr2	120000000	121000000	0.4854
chr2	121000000	122000000	0.4465
chr2	122000000	123000000	0.3920
chr2	123000000	124000000	0.3582
chr2	124000000	125000000	0.3887
chr2	125000000	126000000	0.3658
chr2	126000000	127000000	0.4104
chr2	127000000	128000000	0.4612
chr2	128000000	129000000	0.4598
chr2	129000000	130000000	0.4249
chr2	130000000	131000000	0.4573
chr2	131000000	132000000	0.4274
chr2	132000000	133000000	0.4063
chr2	133000000	134000000	0.3985
chr2	134000000	135000000	0.4251
chr2	135000000	136000000	0.3943
chr2	136000000	137000000	0.4089
chr2	137000000	138000000	0.3748
chr2	138000000	139000000	0.3784
chr2	139000000	140000000	0.3592
chr2	140000000	141000000	0.3470
chr2	141000000	142000000	0.3512
chr2	142000000	143000000	0.3595
chr2	143000000	144000000	0.3703
chr2	144000000	145000000	0.3728
chr2	145000000	146000000	0.3574
chr2	146000000	147000000	0.3552
chr2	147000000	148000000	0.3781
chr2	148000000	149000000	0.3859
chr2	149000000	150000000	0.3901
chr2	150000000	151000000	0.3813
chr2	151000000	152000000	0.3940
chr2	152000000	153000000	0.3975
chr2	153000000	154000000	0.3689
chr2	154000000	155000000	0.3531
chr2	155000000	156000000	0.3443
chr2	156000000	157000000	0.3723
chr2	157000000	158000000	0.3821
chr2	158000000	159000000	0.4001
chr2	159000000	160000000	0.3892
chr2	160000000	161000000	0.3917
chr2	161000000	162000000	0.3661
chr2	162000000	163000000	0.3613
chr2	163000000	164000000	0.3601
chr2	164000000	165000000	0.3650
chr2	165000000	166000000	0.3655
chr2	166000000	167000000	0.3555
chr2	167000000	168000000	0.3731
chr2	168000000	169000000	0.3952
chr2	169000000	170000000	0.3930
chr2	170000000	171000000	0.4076
chr2	171000000	172000000	0.3953
chr2	172000000	173000000	0.4183
chr2	173000000	174000000	0.4066
chr2	174000000	175000000	0.4014
chr2	175000000	176000000	0.3870
chr2	176000000	177000000	0.4040
chr2	177000000	178000000	0.3935
chr2	178000000	179000000	0.3847
chr2	179000000	180000000	0.3730
chr2	180000000	181000000	0.3630
chr2	181000000	182000000	0.3674
chr2	182000000	183000000	0.3688
chr2	183000000	184000000	0.3705
chr2	184000000	185000000	0.3412
chr2	185000000	186000000	0.3452
chr2	186000000	187000000	0.3674
chr2	187000000	188000000	0.3543
chr2	188000000	189000000	0.3548
chr2	189000000	190000000	0.3674
chr2	190000000	191000000	0.3896
chr2	191000000	192000000	0.3913
chr2	192000000	193000000	0.3505
chr2	193000000	194000000	0.3382
chr2	194000000	195000000	0.3422
chr2	195000000	196000000	0.3728
chr2	196000000	197000000	0.3849
chr2	197000000	198000000	0.4018
chr2	198000000	199000000	0.3648
chr2	199000000	200000000	0.3881
chr2	200000000	201000000	0.4049
chr2	201000000	202000000	0.4103
chr2	202000000	203000000	0.4157
chr2	203000000	204000000	0.4026
chr2	204000000	205000000	0.3872
chr2	205000000	206000000	0.4040
chr2	206000000	207000000	0.4010
chr2	207000000	208000000	0.4142
chr2	208000000	209000000	0.3865
chr2	209000000	210000000	0.3661
chr2	210000000	211000000	0.3680
chr2	211000000	212000000	0.3536
chr2	212000000	213000000	0.3554
chr2	213000000	214000000	0.3589
chr2	214000000	215000000	0.3679
chr2	215000000	216000000	0.3956
chr2	216000000	217000000	0.4416
chr2	217000000	218000000	0.4397
chr2	218000000	219000000	0.4705
chr2	219000000	220000000	0.4809
chr2	220000000	221000000	0.3902
chr2	221000000	222000000	0.3876
chr2	222000000	223000000	0.4036
chr2	223000000	224000000	0.4012
chr2	224000000	225000000	0.4059
chr2	225000000	226000000	0.3710
chr2	226000000	227000000	0.3863
chr2	227000000	228000000	0.4076
chr2	228000000	229000000	0.3764
chr2	229000000	230000000	0.4031
chr2	230000000	231000000	0.4309
chr2	231000000	232000000	0.4656
chr2	232000000	233000000	0.4605
chr2	233000000	234000000	0.4502
chr2	234000000	235000000	0.4398
chr2	235000000	236000000	0.4621
chr2	236000000	237000000	0.4580
chr2	237000000	238000000	0.4578
chr2	238000000	239000000	0.4794
chr2	239000000	240000000	0.5032
chr2	240000000	241000000	0.5291
chr2	241000000	242000000	0.5068
chr2	242000000	242193529	0.4459
chr3	0	1000000	0.3704
chr3	1000000	2000000	0.3654
chr3	2000000	3000000	0.3776
chr3	3000000	4000000	0.3943
chr3	4000000	5000000	0.4106
chr3	5000000	6000000	0.4055
chr3	6000000	7000000	0.3731
chr3	7000000	8000000	0.3817
chr3	8000000	9000000	0.4211
chr3	9000000	10000000	0.4592
chr3	10000000	11000000	0.4799
chr3	11000000	12000000	0.4451
chr3	12000000	13000000	0.4464
chr3	13000000	14000000	0.5044
chr3	14000000	15000000	0.4700
chr3	15000000	16000000	0.4199
chr3	16000000	17000000	0.4142
chr3	17000000	18000000	0.3827
chr3	18000000	19000000	0.3734
chr3	19000000	20000000	0.3742
chr3	20000000	21000000	0.3774
chr3	21000000	22000000	0.3656
chr3	22000000	23000000	0.3689
chr3	23000000	24000000	0.3997
chr3	24000000	25000000	0.3836
chr3	25000000	26000000	0.3882
chr3	26000000	27000000	0.3808
chr3	27000000	28000000	0.3936
chr3	28000000	29000000	0.3738
chr3	29000000	30000000	0.3643
chr3	30000000	31000000	0.3808
chr3	31000000	32000000	0.4029
chr3	32000000	33000000	0.4333
chr3	33000000	34000000	0.4007
chr3	34000000	35000000	0.3814
chr3	35000000	36000000	0.3611
chr3	36000000	37000000	0.3964
chr3	37000000	38000000	0.4257
chr3	38000000	39000000	0.4445
chr3	39000000	40000000	0.4150
chr3	40000000	41000000	0.4155
chr3	41000000	42000000	0.4018
chr3	42000000	43000000	0.4474
chr3	43000000	44000000	0.4235
chr3	44000000	45000000	0.4266
chr3	45000000	46000000	0.4450
chr3	46000000	47000000	0.4557
chr3	47000000	48000000	0.4482
chr3	48000000	49000000	0.4801
chr3	49000000	50000000	0.4947
chr3	50000000	51000000	0.4903
chr3	51000000	52000000	0.4419
chr3	52000000	53000000	0.4933
chr3	53000000	54000000	0.4494
chr3	54000000	55000000	0.4254
chr3	55000000	56000000	0.4137
chr3	56000000	57000000	0.4065
chr3	57000000	58000000	0.4133
chr3	58000000	59000000	0.4400
chr3	59000000	60000000	0.4002
chr3	60000000	61000000	0.3854
chr3	61000000	62000000	0.4013
chr3	62000000	63000000	0.4014
chr3	63000000	64000000	0.3931
chr3	64000000	65000000	0.4072
chr3	65000000	66000000	0.3996
chr3	66000000	67000000	0.4135
chr3	67000000	68000000	0.3866
chr3	68000000	69000000	0.3876
chr3	69000000	70000000	0.4004
chr3	70000000	71000000	0.3768
chr3	71000000	72000000	0.4179
chr3	72000000	73000000	0.4415
chr3	73000000	74000000	0.4058
chr3	74000000	75000000	0.3704
chr3	75000000	76000000	0.4078
chr3	76000000	77000000	0.3569
chr3	77000000	78000000	0.3599
chr3	78000000	79000000	0.3628
chr3	79000000	80000000	0.3501
chr3	80000000	81000000	0.3479
chr3	81000000	82000000	0.3605
chr3	82000000	83000000	0.3521
chr3	83000000	84000000	0.3390
chr3	84000000	85000000	0.3481
chr3	85000000	86000000	0.3392
chr3	86000000	87000000	0.3544
chr3	87000000	88000000	0.3611
chr3	88000000	89000000	0.3590
chr3	89000000	90000000	0.3535
chr3	90000000	91000000	0.3664
chr3	91000000	92000000	0.3784
chr3	92000000	93000000	0.3831
chr3	93000000	94000000	0.3842
chr3	94000000	95000000	0.3631
chr3	95000000	96000000	0.3439
chr3	96000000	97000000	0.3513
chr3	97000000	98000000	0.3598
chr3	98000000	99000000	0.3773
chr3	99000000	100000000	0.3784
chr3	100000000	101000000	0.3867
chr3	101000000	102000000	0.3928
chr3	102000000	103000000	0.3667
chr3	103000000	104000000	0.3459
chr3	104000000	105000000	0.3519
chr3	105000000	106000000	0.3595
chr3	106000000	107000000	0.3667
chr3	107000000	108000000	0.3839
chr3	108000000	109000000	0.3829
chr3	109000000	110000000	0.3846
chr3	110000000	111000000	0.3607
chr3	111000000	112000000	0.3809
chr3	112000000	113000000	0.3867
chr3	113000000	114000000	0.4035
chr3	114000000	115000000	0.3776
chr3	115000000	116000000	0.3762
chr3	116000000	117000000	0.3706
chr3	117000000	118000000	0.3700
chr3	118000000	119000000	0.3748
chr3	119000000	120000000	0.4045
chr3	120000000	121000000	0.3999
chr3	121000000	122000000	0.3813
chr3	122000000	123000000	0.4117
chr3	123000000	124000000	0.4483
chr3	124000000	125000000	0.4343
chr3	125000000	126000000	0.4303
chr3	126000000	127000000	0.4736
chr3	127000000	128000000	0.4806
chr3	128000000	129000000	0.4787
chr3	129000000	130000000	0.4701
chr3	130000000	131000000	0.4025
chr3	131000000	132000000	0.3898
chr3	132000000	133000000	0.3875
chr3	133000000	134000000	0.4265
chr3	134000000	135000000	0.4380
chr3	135000000	136000000	0.4159
chr3	136000000	137000000	0.4032
chr3	137000000	138000000	0.3979
chr3	138000000	139000000	0.4295
chr3	139000000	140000000	0.4212
chr3	140000000	141000000	0.4151
chr3	141000000	142000000	0.4264
chr3	142000000	143000000	0.3891
chr3	143000000	144000000	0.3957
chr3	144000000	145000000	0.3588
chr3	145000000	146000000	0.3493
chr3	146000000	147000000	0.3605
chr3	147000000	148000000	0.3624
chr3	148000000	149000000	0.3641
chr3	149000000	150000000	0.3930
chr3	150000000	151000000	0.4004
chr3	151000000	152000000	0.3816
chr3	152000000	153000000	0.3664
chr3	153000000	154000000	0.3805
chr3	154000000	155000000	0.3704
chr3	155000000	156000000	0.3934
chr3	156000000	157000000	0.3940
chr3	157000000	158000000	0.3919
chr3	158000000	159000000	0.3782
chr3	159000000	160000000	0.3919
chr3	160000000	161000000	0.3937
chr3	161000000	162000000	0.3758
chr3	162000000	163000000	0.3495
chr3	163000000	164000000	0.3442
chr3	164000000	165000000	0.3487
chr3	165000000	166000000	0.3467
chr3	166000000	167000000	0.3474
chr3	167000000	168000000	0.3642
chr3	168000000	169000000	0.3648
chr3	169000000	170000000	0.3827
chr3	170000000	171000000	0.4083
chr3	171000000	172000000	0.3954
chr3	172000000	173000000	0.3948
chr3	173000000	174000000	0.3590
chr3	174000000	175000000	0.3571
chr3	175000000	176000000	0.3534
chr3	176000000	177000000	0.3682
chr3	177000000	178000000	0.4010
chr3	178000000	179000000	0.3727
chr3	179000000	180000000	0.3983
chr3	180000000	181000000	0.3750
chr3	181000000	182000000	0.3834
chr3	182000000	183000000	0.3821
chr3	183000000	184000000	0.4346
chr3	184000000	185000000	0.4673
chr3	185000000	186000000	0.4203
chr3	186000000	187000000	0.4364
chr3	187000000	188000000	0.4169
chr3	188000000	189000000	0.3980
chr3	189000000	190000000	0.3801
chr3	190000000	191000000	0.3738
chr3	191000000	192000000	0.3685
chr3	192000000	193000000	0.3827
chr3	193000000	194000000	0.4039
chr3	194000000	195000000	0.4631
chr3	195000000	196000000	0.4716
chr3	196000000	197000000	0.4521
chr3	197000000	198000000	0.4339
chr3	198000000	198295559	0.4317
chr4	0	1000000	0.4792
chr4	1000000	2000000	0.5464
chr4	2000000	3000000	0.4912
chr4	3000000	4000000	0.5167
chr4	4000000	5000000	0.4575
chr4	5000000	6000000	0.4490
chr4	6000000	7000000	0.4986
chr4	7000000	8000000	0.5163
chr4	8000000	9000000	0.5284
chr4	9000000	10000000	0.4548
chr4	10000000	11000000	0.4268
chr4	11000000	12000000	0.3899
chr4	12000000	13000000	0.3729
chr4	13000000	14000000	0.3982
chr4	14000000	15000000	0.3888
chr4	15000000	16000000	0.4024
chr4	16000000	17000000	0.4060
chr4	17000000	18000000	0.4077
chr4	18000000	19000000	0.3766
chr4	19000000	20000000	0.3639
chr4	20000000	21000000	0.3715
chr4	21000000	22000000	0.3761
chr4	22000000	23000000	0.3854
chr4	23000000	24000000	0.3735
chr4	24000000	25000000	0.4168
chr4	25000000	26000000	0.4323
chr4	26000000	27000000	0.4025
chr4	27000000	28000000	0.3748
chr4	28000000	29000000	0.3554
chr4	29000000	30000000	0.3432
chr4	30000000	31000000	0.3543
chr4	31000000	32000000	0.3509
chr4	32000000	33000000	0.3469
chr4	33000000	34000000	0.3487
chr4	34000000	35000000	0.3425
chr4	35000000	36000000	0.3498
chr4	36000000	37000000	0.3646
chr4	37000000	38000000	0.4019
chr4	38000000	39000000	0.4207
chr4	39000000	40000000	0.4090
chr4	40000000	41000000	0.4311
chr4	41000000	42000000	0.4076
chr4	42000000	43000000	0.3921
chr4	43000000	44000000	0.3585
chr4	44000000	45000000	0.3609
chr4	45000000	46000000	0.3527
chr4	46000000	47000000	0.3577
chr4	47000000	48000000	0.3738
chr4	48000000	49000000	0.3928
chr4	49000000	50000000	0.4079
chr4	50000000	51000000	0.3752
chr4	51000000	52000000	0.3821
chr4	52000000	53000000	0.4088
chr4	53000000	54000000	0.3993
chr4	54000000	55000000	0.4113
chr4	55000000	56000000	0.3914
chr4	56000000	57000000	0.4181
chr4	57000000	58000000	0.3904
chr4	58000000	59000000	0.3517
chr4	59000000	60000000	0.3478
chr4	60000000	61000000	0.3488
chr4	61000000	62000000	0.3566
chr4	62000000	63000000	0.3514
chr4	63000000	64000000	0.3434
chr4	64000000	65000000	0.3466
chr4	65000000	66000000	0.3449
chr4	66000000	67000000	0.3510
chr4	67000000	68000000	0.3728
chr4	68000000	69000000	0.3671
chr4	69000000	70000000	0.3544
chr4	70000000	71000000	0.3771
chr4	71000000	72000000	0.3761
chr4	72000000	73000000	0.3699
chr4	73000000	74000000	0.3755
chr4	74000000	75000000	0.3730
chr4	75000000	76000000	0.4002
chr4	76000000	77000000	0.4078
chr4	77000000	78000000	0.4046
chr4	78000000	79000000	0.3904
chr4	79000000	80000000	0.3601
chr4	80000000	81000000	0.3641
chr4	81000000	82000000	0.3863
chr4	82000000	83000000	0.4087
chr4	83000000	84000000	0.4014
chr4	84000000	85000000	0.3805
chr4	85000000	86000000	0.3708
chr4	86000000	87000000	0.3804
chr4	87000000	88000000	0.3933
chr4	88000000	89000000	0.3977
chr4	89000000	90000000	0.3729
chr4	90000000	91000000	0.3527
chr4	91000000	92000000	0.3525
chr4	92000000	93000000	0.3490
chr4	93000000	94000000	0.3559
chr4	94000000	95000000	0.3759
chr4	95000000	96000000	0.3683
chr4	96000000	97000000	0.3532
chr4	97000000	98000000	0.3573
chr4	98000000	99000000	0.3888
chr4	99000000	100000000	0.3842
chr4	100000000	101000000	0.3707
chr4	101000000	102000000	0.3631
chr4	102000000	103000000	0.3816
chr4	103000000	104000000	0.3660
chr4	104000000	105000000	0.3562
chr4	105000000	106000000	0.3703
chr4	106000000	107000000	0.3635
chr4	107000000	108000000	0.3760
chr4	108000000	109000000	0.3977
chr4	109000000	110000000	0.3884
chr4	110000000	111000000	0.3876
chr4	111000000	112000000	0.3573
chr4	112000000	113000000	0.3930
chr4	113000000	114000000	0.3665
chr4	114000000	115000000	0.3597
chr4	115000000	116000000	0.3423
chr4	116000000	117000000	0.3433
chr4	117000000	118000000	0.3507
chr4	118000000	119000000	0.3835
chr4	119000000	120000000	0.3762
chr4	120000000	121000000	0.3670
chr4	121000000	122000000	0.3813
chr4	122000000	123000000	0.3776
chr4	123000000	124000000	0.3803
chr4	124000000	125000000	0.3594
chr4	125000000	126000000	0.3532
chr4	126000000	127000000	0.3520
chr4	127000000	128000000	0.3755
chr4	128000000	129000000	0.4021
chr4	129000000	130000000	0.3637
chr4	130000000	131000000	0.3482
chr4	131000000	132000000	0.3564
chr4	132000000	133000000	0.3448
chr4	133000000	134000000	0.3463
chr4	134000000	135000000	0.3448
chr4	135000000	136000000	0.3424
chr4	136000000	137000000	0.3487
chr4	137000000	138000000	0.3516
chr4	138000000	139000000	0.3875
chr4	139000000	140000000	0.4161
chr4	140000000	141000000	0.3998
chr4	141000000	142000000	0.3745
chr4	142000000	143000000	0.3662
chr4	143000000	144000000	0.3826
chr4	144000000	145000000	0.3729
chr4	145000000	146000000	0.3950
chr4	146000000	147000000	0.3823
chr4	147000000	148000000	0.3920
chr4	148000000	149000000	0.3828
chr4	149000000	150000000	0.3639
chr4	150000000	151000000	0.3719
chr4	151000000	152000000	0.4140
chr4	152000000	153000000	0.4040
chr4	153000000	154000000	0.4151
chr4	154000000	155000000	0.3841
chr4	155000000	156000000	0.3716
chr4	156000000	157000000	0.3602
chr4	157000000	158000000	0.3549
chr4	158000000	159000000	0.3847
chr4	159000000	160000000	0.3824
chr4	160000000	161000000	0.3512
chr4	161000000	162000000	0.3436
chr4	162000000	163000000	0.3519
chr4	163000000	164000000	0.3684
chr4	164000000	165000000	0.3742
chr4	165000000	166000000	0.3868
chr4	166000000	167000000	0.3509
chr4	167000000	168000000	0.3550
chr4	168000000	169000000	0.3836
chr4	169000000	170000000	0.3969
chr4	170000000	171000000	0.3712
chr4	171000000	172000000	0.3514
chr4	172000000	173000000	0.3653
chr4	173000000	174000000	0.3885
chr4	174000000	175000000	0.3630
chr4	175000000	176000000	0.3591
chr4	176000000	177000000	0.3674
chr4	177000000	178000000	0.3719
chr4	178000000	179000000	0.3510
chr4	179000000	180000000	0.3565
chr4	180000000	181000000	0.3626
chr4	181000000	182000000	0.3802
chr4	182000000	183000000	0.4034
chr4	183000000	184000000	0.4253
chr4	184000000	185000000	0.4367
chr4	185000000	186000000	0.4104
chr4	186000000	187000000	0.4187
chr4	187000000	188000000	0.3898
chr4	188000000	189000000	0.4006
chr4	189000000	190000000	0.4053
chr4	190000000	190214555	0.4951
chr5	0	1000000	0.5180
chr5	1000000	2000000	0.5365
chr5	2000000	3000000	0.4515
chr5	3000000	4000000	0.4405
chr5	4000000	5000000	0.3999
chr5	5000000	6000000	0.4195
chr5	6000000	7000000	0.4408
chr5	7000000	8000000	0.4057
chr5	8000000	9000000	0.3852
chr5	9000000	10000000	0.4044
chr5	10000000	11000000	0.4411
chr5	11000000	12000000	0.3903
chr5	12000000	13000000	0.3561
chr5	13000000	14000000	0.3810
chr5	14000000	15000000	0.4320
chr5	15000000	16000000	0.3924
chr5	16000000	17000000	0.4197
chr5	17000000	18000000	0.4077
chr5	18000000	19000000	0.3564
chr5	19000000	20000000	0.3497
chr5	20000000	21000000	0.3515
chr5	21000000	22000000	0.3565
chr5	22000000	23000000	0.3540
chr5	23000000	24000000	0.3545
chr5	24000000	25000000	0.3510
chr5	25000000	26000000	0.3491
chr5	26000000	27000000	0.3493
chr5	27000000	28000000	0.3449
chr5	28000000	29000000	0.3489
chr5	29000000	30000000	0.3466
chr5	30000000	31000000	0.3563
chr5	31000000	32000000	0.4170
chr5	32000000	33000000	0.4220
chr5	33000000	34000000	0.3961
chr5	34000000	35000000	0.3989
chr5	35000000	36000000	0.3924
chr5	36000000	37000000	0.3887
chr5	37000000	38000000	0.4008
chr5	38000000	39000000	0.4081
chr5	39000000	40000000	0.3747
chr5	40000000	41000000	0.3835
chr5	41000000	42000000	0.3756
chr5	42000000	43000000	0.3836
chr5	43000000	44000000	0.4028
chr5	44000000	45000000	0.3641
chr5	45000000	46000000	0.3571
chr5	46000000	47000000	0.3765
chr5	47000000	48000000	0.3893
chr5	48000000	49000000	0.3921
chr5	49000000	50000000	0.3927
chr5	50000000	51000000	0.3749
chr5	51000000	52000000	0.3554
chr5	52000000	53000000	0.3590
chr5	53000000	54000000	0.3865
chr5	54000000	55000000	0.4030
chr5	55000000	56000000	0.3971
chr5	56000000	57000000	0.4136
chr5	57000000	58000000	0.3969
chr5	58000000	59000000	0.3827
chr5	59000000	60000000	0.3731
chr5	60000000	61000000	0.3816
chr5	61000000	62000000	0.3992
chr5	62000000	63000000	0.3968
chr5	63000000	64000000	0.3640
chr5	64000000	65000000	0.3724
chr5	65000000	66000000	0.3830
chr5	66000000	67000000	0.3928
chr5	67000000	68000000	0.3858
chr5	68000000	69000000	0.4024
chr5	69000000	70000000	0.4042
chr5	70000000	71000000	0.3865
chr5	71000000	72000000	0.3973
chr5	72000000	73000000	0.4040
chr5	73000000	74000000	0.4094
chr5	74000000	75000000	0.4080
chr5	75000000	76000000	0.3875
chr5	76000000	77000000	0.4182
chr5	77000000	78000000	0.4035
chr5	78000000	79000000	0.3983
chr5	79000000	80000000	0.4040
chr5	80000000	81000000	0.4098
chr5	81000000	82000000	0.3921
chr5	82000000	83000000	0.3853
chr5	83000000	84000000	0.3649
chr5	84000000	85000000	0.3515
chr5	85000000	86000000	0.3427
chr5	86000000	87000000	0.3544
chr5	87000000	88000000	0.3652
chr5	88000000	89000000	0.3702
chr5	89000000	90000000	0.3586
chr5	90000000	91000000	0.3702
chr5	91000000	92000000	0.3723
chr5	92000000	93000000	0.3490
chr5	93000000	94000000	0.3728
chr5	94000000	95000000	0.3679
chr5	95000000	96000000	0.3851
chr5	96000000	97000000	0.3874
chr5	97000000	98000000	0.3724
chr5	98000000	99000000	0.3724
chr5	99000000	100000000	0.3601
chr5	100000000	101000000	0.3581
chr5	101000000	102000000	0.3497
chr5	102000000	103000000	0.3635
chr5	103000000	104000000	0.3674
chr5	104000000	105000000	0.3490
chr5	105000000	106000000	0.3412
chr5	106000000	107000000	0.3481
chr5	107000000	108000000	0.3759
chr5	108000000	109000000	0.3705
chr5	109000000	110000000	0.3804
chr5	110000000	111000000	0.3692
chr5	111000000	112000000	0.3790
chr5	112000000	113000000	0.3956
chr5	113000000	114000000	0.3979
chr5	114000000	115000000	0.3793
chr5	115000000	116000000	0.3889
chr5	116000000	117000000	0.3901
chr5	117000000	118000000	0.3598
chr5	118000000	119000000	0.3709
chr5	119000000	120000000	0.3817
chr5	120000000	121000000	0.3571
chr5	121000000	122000000	0.3526
chr5	122000000	123000000	0.3874
chr5	123000000	124000000	0.3795
chr5	124000000	125000000	0.3934
chr5	125000000	126000000	0.3685
chr5	126000000	127000000	0.4055
chr5	127000000	128000000	0.3892
chr5	128000000	129000000	0.3722
chr5	129000000	130000000	0.3608
chr5	130000000	131000000	0.3670
chr5	131000000	132000000	0.3924
chr5	132000000	133000000	0.4454
chr5	133000000	134000000	0.4579
chr5	134000000	135000000	0.4493
chr5	135000000	136000000	0.4572
chr5	136000000	137000000	0.4082
chr5	137000000	138000000	0.4193
chr5	138000000	139000000	0.4485
chr5	139000000	140000000	0.4741
chr5	140000000	141000000	0.4226
chr5	141000000	142000000	0.4455
chr5	142000000	143000000	0.4411
chr5	143000000	144000000	0.3970
chr5	144000000	145000000	0.3730
chr5	145000000	146000000	0.3832
chr5	146000000	147000000	0.4024
chr5	147000000	148000000	0.3889
chr5	148000000	149000000	0.3844
chr5	149000000	150000000	0.4498
chr5	150000000	151000000	0.4694
chr5	151000000	152000000	0.4449
chr5	152000000	153000000	0.3858
chr5	153000000	154000000	0.3984
chr5	154000000	155000000	0.4426
chr5	155000000	156000000	0.3966
chr5	156000000	157000000	0.3885
chr5	157000000	158000000	0.4292
chr5	158000000	159000000	0.4039
chr5	159000000	160000000	0.4137
chr5	160000000	161000000	0.4242
chr5	161000000	162000000	0.3625
chr5	162000000	163000000	0.3634
chr5	163000000	164000000	0.3784
chr5	164000000	165000000	0.3563
chr5	165000000	166000000	0.3609
chr5	166000000	167000000	0.3783
chr5	167000000	168000000	0.3882
chr5	168000000	169000000	0.4476
chr5	169000000	170000000	0.4213
chr5	170000000	171000000	0.4414
chr5	171000000	172000000	0.4309
chr5	172000000	173000000	0.4784
chr5	173000000	174000000	0.4499
chr5	174000000	175000000	0.4381
chr5	175000000	176000000	0.4431
chr5	176000000	177000000	0.4814
chr5	177000000	178000000	0.4786
chr5	178000000	179000000	0.4803
chr5	179000000	180000000	0.4944
chr5	180000000	181000000	0.4633
chr5	181000000	181538259	0.4585
chr6	0	1000000	0.4304
chr6	1000000	2000000	0.4409
chr6	2000000	3000000	0.4211
chr6	3000000	4000000	0.4577
chr6	4000000	5000000	0.4224
chr6	5000000	6000000	0.4284
chr6	6000000	7000000	0.4282
chr6	7000000	8000000	0.4368
chr6	8000000	9000000	0.3847
chr6	9000000	10000000	0.3736
chr6	10000000	11000000	0.4205
chr6	11000000	12000000	0.4127
chr6	12000000	13000000	0.3975
chr6	13000000	14000000	0.4214
chr6	14000000	15000000	0.4352
chr6	15000000	16000000	0.4318
chr6	16000000	17000000	0.4196
chr6	17000000	18000000	0.4162
chr6	18000000	19000000	0.3966
chr6	19000000	20000000	0.3862
chr6	20000000	21000000	0.4016
chr6	21000000	22000000	0.4155
chr6	22000000	23000000	0.3770
chr6	23000000	24000000	0.3705
chr6	24000000	25000000	0.4075
chr6	25000000	26000000	0.3956
chr6	26000000	27000000	0.4127
chr6	27000000	28000000	0.4107
chr6	28000000	29000000	0.4118
chr6	29000000	30000000	0.4160
chr6	30000000	31000000	0.4577
chr6	31000000	32000000	0.4833
chr6	32000000	33000000	0.4367
chr6	33000000	34000000	0.4969
chr6	34000000	35000000	0.4711
chr6	35000000	36000000	0.4612
chr6	36000000	37000000	0.4594
chr6	37000000	38000000	0.4589
chr6	38000000	39000000	0.4022
chr6	39000000	40000000	0.4409
chr6	40000000	41000000	0.4525
chr6	41000000	42000000	0.4708
chr6	42000000	43000000	0.4543
chr6	43000000	44000000	0.4917
chr6	44000000	45000000	0.4521
chr6	45000000	46000000	0.3950
chr6	46000000	47000000	0.3934
chr6	47000000	48000000	0.3889
chr6	48000000	49000000	0.3566
chr6	49000000	50000000	0.3625
chr6	50000000	51000000	0.3661
chr6	51000000	52000000	0.3761
chr6	52000000	53000000	0.4191
chr6	53000000	54000000	0.4061
chr6	54000000	55000000	0.3613
chr6	55000000	56000000	0.3528
chr6	56000000	57000000	0.3769
chr6	57000000	58000000	0.3812
chr6	58000000	59000000	0.3858
chr6	59000000	60000000	0.3992
chr6	60000000	61000000	0.3723
chr6	61000000	62000000	0.3625
chr6	62000000	63000000	0.3526
chr6	63000000	64000000	0.3808
chr6	64000000	65000000	0.3514
chr6	65000000	66000000	0.3432
chr6	66000000	67000000	0.3472
chr6	67000000	68000000	0.3415
chr6	68000000	69000000	0.3505
chr6	69000000	70000000	0.3618
chr6	70000000	71000000	0.3819
chr6	71000000	72000000	0.3736
chr6	72000000	73000000	0.3638
chr6	73000000	74000000	0.4116
chr6	74000000	75000000	0.3650
chr6	75000000	76000000	0.3803
chr6	76000000	77000000	0.3672
chr6	77000000	78000000	0.3628
chr6	78000000	79000000	0.3674
chr6	79000000	80000000	0.3770
chr6	80000000	81000000	0.3646
chr6	81000000	82000000	0.3619
chr6	82000000	83000000	0.3809
chr6	83000000	84000000	0.3753
chr6	84000000	85000000	0.3821
chr6	85000000	86000000	0.3960
chr6	86000000	87000000	0.3834
chr6	87000000	88000000	0.3968
chr6	88000000	89000000	0.3860
chr6	89000000	90000000	0.4263
chr6	90000000	91000000	0.3919
chr6	91000000	92000000	0.3612
chr6	92000000	93000000	0.3512
chr6	93000000	94000000	0.3467
chr6	94000000	95000000	0.3445
chr6	95000000	96000000	0.3488
chr6	96000000	97000000	0.3699
chr6	97000000	98000000	0.3587
chr6	98000000	99000000	0.3687
chr6	99000000	100000000	0.3934
chr6	100000000	101000000	0.3641
chr6	101000000	102000000	0.3512
chr6	102000000	103000000	0.3420
chr6	103000000	104000000	0.3475
chr6	104000000	105000000	0.3751
chr6	105000000	106000000	0.4001
chr6	106000000	107000000	0.4097
chr6	107000000	108000000	0.4219
chr6	108000000	109000000	0.4197
chr6	109000000	110000000	0.4064
chr6	110000000	111000000	0.4088
chr6	111000000	112000000	0.4097
chr6	112000000	113000000	0.3760
chr6	113000000	114000000	0.3771
chr6	114000000	115000000	0.3668
chr6	115000000	116000000	0.3637
chr6	116000000	117000000	0.3722
chr6	117000000	118000000	0.3848
chr6	118000000	119000000	0.3889
chr6	119000000	120000000	0.3757
chr6	120000000	121000000	0.3506
chr6	121000000	122000000	0.3699
chr6	122000000	123000000	0.3703
chr6	123000000	124000000	0.3574
chr6	124000000	125000000	0.3640
chr6	125000000	126000000	0.3898
chr6	126000000	127000000	0.3644
chr6	127000000	128000000	0.3666
chr6	128000000	129000000	0.3589
chr6	129000000	130000000	0.3694
chr6	130000000	131000000	0.3866
chr6	131000000	132000000	0.3894
chr6	132000000	133000000	0.3782
chr6	133000000	134000000	0.3767
chr6	134000000	135000000	0.4086
chr6	135000000	136000000	0.3781
chr6	136000000	137000000	0.3980
chr6	137000000	138000000	0.4010
chr6	138000000	139000000	0.4084
chr6	139000000	140000000	0.3966
chr6	140000000	141000000	0.3542
chr6	141000000	142000000	0.3541
chr6	142000000	143000000	0.3783
chr6	143000000	144000000	0.3961
chr6	144000000	145000000	0.3894
chr6	145000000	146000000	0.3750
chr6	146000000	147000000	0.3713
chr6	147000000	148000000	0.3800
chr6	148000000	149000000	0.4149
chr6	149000000	150000000	0.4237
chr6	150000000	151000000	0.4366
chr6	151000000	152000000	0.4156
chr6	152000000	153000000	0.3831
chr6	153000000	154000000	0.3676
chr6	154000000	155000000	0.4089
chr6	155000000	156000000	0.3939
chr6	156000000	157000000	0.4054
chr6	157000000	158000000	0.4417
chr6	158000000	159000000	0.4470
chr6	159000000	160000000	0.4318
chr6	160000000	161000000	0.4199
chr6	161000000	162000000	0.4192
chr6	162000000	163000000	0.3873
chr6	163000000	164000000	0.4176
chr6	164000000	165000000	0.3838
chr6	165000000	166000000	0.4066
chr6	166000000	167000000	0.4498
chr6	167000000	168000000	0.4558
chr6	168000000	169000000	0.4748
chr6	169000000	170000000	0.4468
chr6	170000000	170805979	0.4720
chr7	0	1000000	0.5487
chr7	1000000	2000000	0.5632
chr7	2000000	3000000	0.5290
chr7	3000000	4000000	0.4233
chr7	4000000	5000000	0.4837
chr7	5000000	6000000	0.4986
chr7	6000000	7000000	0.4786
chr7	7000000	8000000	0.3831
chr7	8000000	9000000	0.3751
chr7	9000000	10000000	0.3487
chr7	10000000	11000000	0.3656
chr7	11000000	12000000	0.3558
chr7	12000000	13000000	0.3687
chr7	13000000	14000000	0.3575
chr7	14000000	15000000	0.3524
chr7	15000000	16000000	0.3555
chr7	16000000	17000000	0.3764
chr7	17000000	18000000	0.3709
chr7	18000000	19000000	0.3629
chr7	19000000	20000000	0.3621
chr7	20000000	21000000	0.3764
chr7	21000000	22000000	0.3908
chr7	22000000	23000000	0.4084
chr7	23000000	24000000	0.4076
chr7	24000000	25000000	0.4006
chr7	25000000	26000000	0.4107
chr7	26000000	27000000	0.4094
chr7	27000000	28000000	0.4203
chr7	28000000	29000000	0.4073
chr7	29000000	30000000	0.4150
chr7	30000000	31000000	0.4422
chr7	31000000	32000000	0.4058
chr7	32000000	33000000	0.4128
chr7	33000000	34000000	0.3945
chr7	34000000	35000000	0.3927
chr7	35000000	36000000	0.4002
chr7	36000000	37000000	0.4244
chr7	37000000	38000000	0.3998
chr7	38000000	39000000	0.3890
chr7	39000000	40000000	0.4057
chr7	40000000	41000000	0.3895
chr7	41000000	42000000	0.3987
chr7	42000000	43000000	0.3991
chr7	43000000	44000000	0.4253
chr7	44000000	45000000	0.4874
chr7	45000000	46000000	0.4485
chr7	46000000	47000000	0.3880
chr7	47000000	48000000	0.4508
chr7	48000000	49000000	0.3901
chr7	49000000	50000000	0.3719
chr7	50000000	51000000	0.4229
chr7	51000000	52000000	0.4182
chr7	52000000	53000000	0.3720
chr7	53000000	54000000	0.3630
chr7	54000000	55000000	0.3814
chr7	55000000	56000000	0.4435
chr7	56000000	57000000	0.4481
chr7	57000000	58000000	0.4194
chr7	58000000	59000000	0.3866
chr7	59000000	60000000	0.3895
chr7	60000000	61000000	0.3862
chr7	61000000	62000000	0.3683
chr7	62000000	63000000	0.3679
chr7	63000000	64000000	0.4359
chr7	64000000	65000000	0.4103
chr7	65000000	66000000	0.4163
chr7	66000000	67000000	0.4543
chr7	67000000	68000000	0.4399
chr7	68000000	69000000	0.4327
chr7	69000000	70000000	0.4236
chr7	70000000	71000000	0.4201
chr7	71000000	72000000	0.4416
chr7	72000000	73000000	0.4373
chr7	73000000	74000000	0.4923
chr7	74000000	75000000	0.4991
chr7	75000000	76000000	0.4868
chr7	76000000	77000000	0.4515
chr7	77000000	78000000	0.4012
chr7	78000000	79000000	0.3750
chr7	79000000	80000000	0.3541
chr7	80000000	81000000	0.3653
chr7	81000000	82000000	0.3574
chr7	82000000	83000000	0.3550
chr7	83000000	84000000	0.3504
chr7	84000000	85000000	0.3452
chr7	85000000	86000000	0.3441
chr7	86000000	87000000	0.3582
chr7	87000000	88000000	0.3769
chr7	88000000	89000000	0.3640
chr7	89000000	90000000	0.3568
chr7	90000000	91000000	0.3776
chr7	91000000	92000000	0.3886
chr7	92000000	93000000	0.3836
chr7	93000000	94000000	0.3648
chr7	94000000	95000000	0.3713
chr7	95000000	96000000	0.3790
chr7	96000000	97000000	0.3866
chr7	97000000	98000000	0.4013
chr7	98000000	99000000	0.4752
chr7	99000000	100000000	0.4540
chr7	100000000	101000000	0.5123
chr7	101000000	102000000	0.5023
chr7	102000000	103000000	0.4728
chr7	103000000	104000000	0.3855
chr7	104000000	105000000	0.3970
chr7	105000000	106000000	0.4275
chr7	106000000	107000000	0.4092
chr7	107000000	108000000	0.3868
chr7	108000000	109000000	0.3891
chr7	109000000	110000000	0.3530
chr7	110000000	111000000	0.3630
chr7	111000000	112000000	0.3753
chr7	112000000	113000000	0.3834
chr7	113000000	114000000	0.3626
chr7	114000000	115000000	0.3572
chr7	115000000	116000000	0.3526
chr7	116000000	117000000	0.3831
chr7	117000000	118000000	0.3807
chr7	118000000	119000000	0.3544
chr7	119000000	120000000	0.3444
chr7	120000000	121000000	0.3584
chr7	121000000	122000000	0.3686
chr7	122000000	123000000	0.3695
chr7	123000000	124000000	0.3707
chr7	124000000	125000000	0.3637
chr7	125000000	126000000	0.3522
chr7	126000000	127000000	0.3593
chr7	127000000	128000000	0.4019
chr7	128000000	129000000	0.4742
chr7	129000000	130000000	0.4367
chr7	130000000	131000000	0.4219
chr7	131000000	132000000	0.4299
chr7	132000000	133000000	0.4453
chr7	133000000	134000000	0.3880
chr7	134000000	135000000	0.4107
chr7	135000000	136000000	0.4121
chr7	136000000	137000000	0.3740
chr7	137000000	138000000	0.3880
chr7	138000000	139000000	0.4232
chr7	139000000	140000000	0.4381
chr7	140000000	141000000	0.4378
chr7	141000000	142000000	0.4170
chr7	142000000	143000000	0.4189
chr7	143000000	144000000	0.4121
chr7	144000000	145000000	0.3897
chr7	145000000	146000000	0.3613
chr7	146000000	147000000	0.3593
chr7	147000000	148000000	0.3726
chr7	148000000	149000000	0.4224
chr7	149000000	150000000	0.4706
chr7	150000000	151000000	0.4450
chr7	151000000	152000000	0.4977
chr7	152000000	153000000	0.4291
chr7	153000000	154000000	0.4150
chr7	154000000	155000000	0.4386
chr7	155000000	156000000	0.4809
chr7	156000000	157000000	0.4383
chr7	157000000	158000000	0.5007
chr7	158000000	159000000	0.4826
chr7	159000000	159345973	0.4541
chr8	0	1000000	0.4576
chr8	1000000	2000000	0.4840
chr8	2000000	3000000	0.4214
chr8	3000000	4000000	0.3909
chr8	4000000	5000000	0.3787
chr8	5000000	6000000	0.3777
chr8	6000000	7000000	0.4307
chr8	7000000	8000000	0.4520
chr8	8000000	9000000	0.4371
chr8	9000000	10000000	0.4186
chr8	10000000	11000000	0.4531
chr8	11000000	12000000	0.4591
chr8	12000000	13000000	0.4288
chr8	13000000	14000000	0.3799
chr8	14000000	15000000	0.3503
chr8	15000000	16000000	0.3719
chr8	16000000	17000000	0.3633
chr8	17000000	18000000	0.3931
chr8	18000000	19000000	0.3952
chr8	19000000	20000000	0.4138
chr8	20000000	21000000	0.4346
chr8	21000000	22000000	0.4520
chr8	22000000	23000000	0.4907
chr8	23000000	24000000	0.4435
chr8	24000000	25000000	0.3781
chr8	25000000	26000000	0.4116
chr8	26000000	27000000	0.4220
chr8	27000000	28000000	0.4435
chr8	28000000	29000000	0.4234
chr8	29000000	30000000	0.4245
chr8	30000000	31000000	0.4207
chr8	31000000	32000000	0.3783
chr8	32000000	33000000	0.3817
chr8	33000000	34000000	0.4094
chr8	34000000	35000000	0.3758
chr8	35000000	36000000	0.3829
chr8	36000000	37000000	0.3835
chr8	37000000	38000000	0.4509
chr8	38000000	39000000	0.4449
chr8	39000000	40000000	0.3675
chr8	40000000	41000000	0.4060
chr8	41000000	42000000	0.4529
chr8	42000000	43000000	0.4393
chr8	43000000	44000000	0.3987
chr8	44000000	45000000	0.3911
chr8	45000000	46000000	0.3902
chr8	46000000	47000000	0.4425
chr8	47000000	48000000	0.4146
chr8	48000000	49000000	0.4288
chr8	49000000	50000000	0.3692
chr8	50000000	51000000	0.3568
chr8	51000000	52000000	0.3801
chr8	52000000	53000000	0.3979
chr8	53000000	54000000	0.4020
chr8	54000000	55000000	0.4037
chr8	55000000	56000000	0.4069
chr8	56000000	57000000	0.3972
chr8	57000000	58000000	0.3930
chr8	58000000	59000000	0.3879
chr8	59000000	60000000	0.3645
chr8	60000000	61000000	0.4039
chr8	61000000	62000000	0.3927
chr8	62000000	63000000	0.3732
chr8	63000000	64000000	0.3792
chr8	64000000	65000000	0.3714
chr8	65000000	66000000	0.3936
chr8	66000000	67000000	0.4093
chr8	67000000	68000000	0.3938
chr8	68000000	69000000	0.3694
chr8	69000000	70000000	0.3958
chr8	70000000	71000000	0.3935
chr8	71000000	72000000	0.3819
chr8	72000000	73000000	0.3854
chr8	73000000	74000000	0.4048
chr8	74000000	75000000	0.3856
chr8	75000000	76000000	0.3550
chr8	76000000	77000000	0.3547
chr8	77000000	78000000	0.3462
chr8	78000000	79000000	0.3533
chr8	79000000	80000000	0.3810
chr8	80000000	81000000	0.4128
chr8	81000000	82000000	0.3817
chr8	82000000	83000000	0.3451
chr8	83000000	84000000	0.3522
chr8	84000000	85000000	0.3548
chr8	85000000	86000000	0.3948
chr8	86000000	87000000	0.3788
chr8	87000000	88000000	0.3579
chr8	88000000	89000000	0.3542
chr8	89000000	90000000	0.3682
chr8	90000000	91000000	0.3758
chr8	91000000	92000000	0.3714
chr8	92000000	93000000	0.3687
chr8	93000000	94000000	0.3965
chr8	94000000	95000000	0.4101
chr8	95000000	96000000	0.4023
chr8	96000000	97000000	0.4031
chr8	97000000	98000000	0.4209
chr8	98000000	99000000	0.4052
chr8	99000000	100000000	0.3703
chr8	100000000	101000000	0.4169
chr8	101000000	102000000	0.4212
chr8	102000000	103000000	0.4273
chr8	103000000	104000000	0.3806
chr8	104000000	105000000	0.3810
chr8	105000000	106000000	0.3620
chr8	106000000	107000000	0.3723
chr8	107000000	108000000	0.3725
chr8	108000000	109000000	0.3724
chr8	109000000	110000000	0.3702
chr8	110000000	111000000	0.3445
chr8	111000000	112000000	0.3458
chr8	112000000	113000000	0.3424
chr8	113000000	114000000	0.3428
chr8	114000000	115000000	0.3454
chr8	115000000	116000000	0.3614
chr8	116000000	117000000	0.3882
chr8	117000000	118000000	0.3910
chr8	118000000	119000000	0.3928
chr8	119000000	120000000	0.3942
chr8	120000000	121000000	0.3882
chr8	121000000	122000000	0.3784
chr8	122000000	123000000	0.4067
chr8	123000000	124000000	0.4247
chr8	124000000	125000000	0.4261
chr8	125000000	126000000	0.4182
chr8	126000000	127000000	0.3958
chr8	127000000	128000000	0.4223
chr8	128000000	129000000	0.3990
chr8	129000000	130000000	0.3935
chr8	130000000	131000000	0.4219
chr8	131000000	132000000	0.3844
chr8	132000000	133000000	0.4201
chr8	133000000	134000000	0.4557
chr8	134000000	135000000	0.4230
chr8	135000000	136000000	0.4160
chr8	136000000	137000000	0.3762
chr8	137000000	138000000	0.3785
chr8	138000000	139000000	0.4361
chr8	139000000	140000000	0.4605
chr8	140000000	141000000	0.4437
chr8	141000000	142000000	0.5373
chr8	142000000	143000000	0.5470
chr8	143000000	144000000	0.5661
chr8	144000000	145000000	0.5378
chr8	145000000	145138636	0.4362
chr9	0	1000000	0.4245
chr9	1000000	2000000	0.3971
chr9	2000000	3000000	0.4017
chr9	3000000	4000000	0.3774
chr9	4000000	5000000	0.4086
chr9	5000000	6000000	0.3873
chr9	6000000	7000000	0.4117
chr9	7000000	8000000	0.3943
chr9	8000000	9000000	0.3742
chr9	9000000	10000000	0.3509
chr9	10000000	11000000	0.3515
chr9	11000000	12000000	0.3491
chr9	12000000	13000000	0.3550
chr9	13000000	14000000	0.3758
chr9	14000000	15000000	0.3879
chr9	15000000	16000000	0.3874
chr9	16000000	17000000	0.4128
chr9	17000000	18000000	0.3806
chr9	18000000	19000000	0.3903
chr9	19000000	20000000	0.4064
chr9	20000000	21000000	0.3798
chr9	21000000	22000000	0.3823
chr9	22000000	23000000	0.3668
chr9	23000000	24000000	0.3718
chr9	24000000	25000000	0.3573
chr9	25000000	26000000	0.3552
chr9	26000000	27000000	0.3749
chr9	27000000	28000000	0.3954
chr9	28000000	29000000	0.3596
chr9	29000000	30000000	0.3513
chr9	30000000	31000000	0.3455
chr9	31000000	32000000	0.3582
chr9	32000000	33000000	0.3981
chr9	33000000	34000000	0.4380
chr9	34000000	35000000	0.4597
chr9	35000000	36000000	0.4477
chr9	36000000	37000000	0.4478
chr9	37000000	38000000	0.4311
chr9	38000000	39000000	0.4401
chr9	39000000	40000000	0.3880
chr9	40000000	41000000	0.3886
chr9	41000000	42000000	0.3942
chr9	42000000	43000000	0.3988
chr9	43000000	44000000	0.3753
chr9	44000000	45000000	0.3746
chr9	45000000	46000000	0.3751
chr9	46000000	47000000	NA
chr9	47000000	48000000	NA
chr9	48000000	49000000	NA
chr9	49000000	50000000	NA
chr9	50000000	51000000	NA
chr9	51000000	52000000	NA
chr9	52000000	53000000	NA
chr9	53000000	54000000	NA
chr9	54000000	55000000	NA
chr9	55000000	56000000	NA
chr9	56000000	57000000	NA
chr9	57000000	58000000	NA
chr9	58000000	59000000	NA
chr9	59000000	60000000	NA
chr9	60000000	61000000	0.3905
chr9	61000000	62000000	0.4175
chr9	62000000	63000000	0.3923
chr9	63000000	64000000	0.3899
chr9	64000000	65000000	0.3860
chr9	65000000	66000000	0.4179
chr9	66000000	67000000	0.3949
chr9	67000000	68000000	0.4006
chr9	68000000	69000000	0.4034
chr9	69000000	70000000	0.4132
chr9	70000000	71000000	0.3988
chr9	71000000	72000000	0.3819
chr9	72000000	73000000	0.3984
chr9	73000000	74000000	0.3522
chr9	74000000	75000000	0.3761
chr9	75000000	76000000	0.3935
chr9	76000000	77000000	0.4106
chr9	77000000	78000000	0.3965
chr9	78000000	79000000	0.3967
chr9	79000000	80000000	0.3894
chr9	80000000	81000000	0.3671
chr9	81000000	82000000	0.4035
chr9	82000000	83000000	0.3852
chr9	83000000	84000000	0.4028
chr9	84000000	85000000	0.4116
chr9	85000000	86000000	0.3998
chr9	86000000	87000000	0.4140
chr9	87000000	88000000	0.4297
chr9	88000000	89000000	0.4349
chr9	89000000	90000000	0.4594
chr9	90000000	91000000	0.4147
chr9	91000000	92000000	0.4310
chr9	92000000	93000000	0.4315
chr9	93000000	94000000	0.4789
chr9	94000000	95000000	0.4272
chr9	95000000	96000000	0.4281
chr9	96000000	97000000	0.4367
chr9	97000000	98000000	0.4278
chr9	98000000	99000000	0.4641
chr9	99000000	100000000	0.4085
chr9	100000000	101000000	0.3906
chr9	101000000	102000000	0.3822
chr9	102000000	103000000	0.3511
chr9	103000000	104000000	0.3521
chr9	104000000	105000000	0.3847
chr9	105000000	106000000	0.3998
chr9	106000000	107000000	0.3882
chr9	107000000	108000000	0.4324
chr9	108000000	109000000	0.4080
chr9	109000000	110000000	0.4274
chr9	110000000	111000000	0.3927
chr9	111000000	112000000	0.4004
chr9	112000000	113000000	0.4140
chr9	113000000	114000000	0.4520
chr9	114000000	115000000	0.4647
chr9	115000000	116000000	0.3902
chr9	116000000	117000000	0.4127
chr9	117000000	118000000	0.4013
chr9	118000000	119000000	0.3718
chr9	119000000	120000000	0.4020
chr9	120000000	121000000	0.4329
chr9	121000000	122000000	0.4560
chr9	122000000	123000000	0.4233
chr9	123000000	124000000	0.4287
chr9	124000000	125000000	0.4683
chr9	125000000	126000000	0.4228
chr9	126000000	127000000	0.4748
chr9	127000000	128000000	0.4968
chr9	128000000	129000000	0.5092
chr9	129000000	130000000	0.5195
chr9	130000000	131000000	0.5051
chr9	131000000	132000000	0.4896
chr9	132000000	133000000	0.4713
chr9	133000000	134000000	0.5439
chr9	134000000	135000000	0.5479
chr9	135000000	136000000	0.5338
chr9	136000000	137000000	0.5856
chr9	137000000	138000000	0.5510
chr9	138000000	138394717	0.4668
chr10	0	1000000	0.4569
chr10	1000000	2000000	0.4568
chr10	2000000	3000000	0.4049
chr10	3000000	4000000	0.4426
chr10	4000000	5000000	0.3888
chr10	5000000	6000000	0.4361
chr10	6000000	7000000	0.4346
chr10	7000000	8000000	0.4242
chr10	8000000	9000000	0.3992
chr10	9000000	10000000	0.3622
chr10	10000000	11000000	0.3911
chr10	11000000	12000000	0.4378
chr10	12000000	13000000	0.4511
chr10	13000000	14000000	0.4426
chr10	14000000	15000000	0.4269
chr10	15000000	16000000	0.4147
chr10	16000000	17000000	0.4017
chr10	17000000	18000000	0.3994
chr10	18000000	19000000	0.3945
chr10	19000000	20000000	0.3657
chr10	20000000	21000000	0.3795
chr10	21000000	22000000	0.4099
chr10	22000000	23000000	0.4010
chr10	23000000	24000000	0.4038
chr10	24000000	25000000	0.4124
chr10	25000000	26000000	0.3849
chr10	26000000	27000000	0.4046
chr10	27000000	28000000	0.3928
chr10	28000000	29000000	0.4097
chr10	29000000	30000000	0.4307
chr10	30000000	31000000	0.4304
chr10	31000000	32000000	0.3989
chr10	32000000	33000000	0.3927
chr10	33000000	34000000	0.4142
chr10	34000000	35000000	0.4150
chr10	35000000	36000000	0.4203
chr10	36000000	37000000	0.3848
chr10	37000000	38000000	0.3964
chr10	38000000	39000000	0.3952
chr10	39000000	40000000	0.3760
chr10	40000000	41000000	0.3839
chr10	41000000	42000000	0.3823
chr10	42000000	43000000	0.4160
chr10	43000000	44000000	0.4645
chr10	44000000	45000000	0.4341
chr10	45000000	46000000	0.4095
chr10	46000000	47000000	0.4326
chr10	47000000	48000000	0.4507
chr10	48000000	49000000	0.4376
chr10	49000000	50000000	0.4391
chr10	50000000	51000000	0.3988
chr10	51000000	52000000	0.3650
chr10	52000000	53000000	0.3727
chr10	53000000	54000000	0.3553
chr10	54000000	55000000	0.3485
chr10	55000000	56000000	0.3437
chr10	56000000	57000000	0.3490
chr10	57000000	58000000	0.3550
chr10	58000000	59000000	0.3854
chr10	59000000	60000000	0.3890
chr10	60000000	61000000	0.3820
chr10	61000000	62000000	0.3776
chr10	62000000	63000000	0.3996
chr10	63000000	64000000	0.3965
chr10	64000000	65000000	0.3656
chr10	65000000	66000000	0.3528
chr10	66000000	67000000	0.3590
chr10	67000000	68000000	0.3776
chr10	68000000	69000000	0.4209
chr10	69000000	70000000	0.4734
chr10	70000000	71000000	0.4758
chr10	71000000	72000000	0.5061
chr10	72000000	73000000	0.4286
chr10	73000000	74000000	0.4317
chr10	74000000	75000000	0.3925
chr10	75000000	76000000	0.4377
chr10	76000000	77000000	0.3988
chr10	77000000	78000000	0.4529
chr10	78000000	79000000	0.4711
chr10	79000000	80000000	0.4719
chr10	80000000	81000000	0.4363
chr10	81000000	82000000	0.3641
chr10	82000000	83000000	0.3739
chr10	83000000	84000000	0.3781
chr10	84000000	85000000	0.4121
chr10	85000000	86000000	0.3970
chr10	86000000	87000000	0.4624
chr10	87000000	88000000	0.3987
chr10	88000000	89000000	0.3812
chr10	89000000	90000000	0.3922
chr10	90000000	91000000	0.3820
chr10	91000000	92000000	0.3964
chr10	92000000	93000000	0.4095
chr10	93000000	94000000	0.4256
chr10	94000000	95000000	0.3959
chr10	95000000	96000000	0.4143
chr10	96000000	97000000	0.4174
chr10	97000000	98000000	0.4849
chr10	98000000	99000000	0.4144
chr10	99000000	100000000	0.4170
chr10	100000000	101000000	0.4560
chr10	101000000	102000000	0.4605
chr10	102000000	103000000	0.4709
chr10	103000000	104000000	0.4642
chr10	104000000	105000000	0.4205
chr10	105000000	106000000	0.3858
chr10	106000000	107000000	0.3843
chr10	107000000	108000000	0.3751
chr10	108000000	109000000	0.3718
chr10	109000000	110000000	0.3981
chr10	110000000	111000000	0.4215
chr10	111000000	112000000	0.4018
chr10	112000000	113000000	0.4184
chr10	113000000	114000000	0.4296
chr10	114000000	115000000	0.4233
chr10	115000000	116000000	0.3639
chr10	116000000	117000000	0.4223
chr10	117000000	118000000	0.4370
chr10	118000000	119000000	0.4155
chr10	119000000	120000000	0.4594
chr10	120000000	121000000	0.4174
chr10	121000000	122000000	0.4288
chr10	122000000	123000000	0.4500
chr10	123000000	124000000	0.4527
chr10	124000000	125000000	0.4885
chr10	125000000	126000000	0.4395
chr10	126000000	127000000	0.4342
chr10	127000000	128000000	0.4378
chr10	128000000	129000000	0.4504
chr10	129000000	130000000	0.4493
chr10	130000000	131000000	0.4650
chr10	131000000	132000000	0.4865
chr10	132000000	133000000	0.5481
chr10	133000000	133797422	0.5412
chr11	0	1000000	0.5481
chr11	1000000	2000000	0.5683
chr11	2000000	3000000	0.5332
chr11	3000000	4000000	0.4722
chr11	4000000	5000000	0.4002
chr11	5000000	6000000	0.3830
chr11	6000000	7000000	0.4207
chr11	7000000	8000000	0.4019
chr11	8000000	9000000	0.4457
chr11	9000000	10000000	0.4236
chr11	10000000	11000000	0.4160
chr11	11000000	12000000	0.4309
chr11	12000000	13000000	0.4351
chr11	13000000	14000000	0.4083
chr11	14000000	15000000	0.3998
chr11	15000000	16000000	0.4149
chr11	16000000	17000000	0.3851
chr11	17000000	18000000	0.4517
chr11	18000000	19000000	0.4237
chr11	19000000	20000000	0.4341
chr11	20000000	21000000	0.4087
chr11	21000000	22000000	0.3708
chr11	22000000	23000000	0.3646
chr11	23000000	24000000	0.3593
chr11	24000000	25000000	0.3522
chr11	25000000	26000000	0.3525
chr11	26000000	27000000	0.3648
chr11	27000000	28000000	0.3959
chr11	28000000	29000000	0.3658
chr11	29000000	30000000	0.3656
chr11	30000000	31000000	0.3844
chr11	31000000	32000000	0.3765
chr11	32000000	33000000	0.4117
chr11	33000000	34000000	0.4195
chr11	34000000	35000000	0.4243
chr11	35000000	36000000	0.4183
chr11	36000000	37000000	0.4139
chr11	37000000	38000000	0.3552
chr11	38000000	39000000	0.3520
chr11	39000000	40000000	0.3647
chr11	40000000	41000000	0.3675
chr11	41000000	42000000	0.3681
chr11	42000000	43000000	0.3761
chr11	43000000	44000000	0.4058
chr11	44000000	45000000	0.4779
chr11	45000000	46000000	0.4742
chr11	46000000	47000000	0.4474
chr11	47000000	48000000	0.4644
chr11	48000000	49000000	0.3940
chr11	49000000	50000000	0.3649
chr11	50000000	51000000	0.3873
chr11	51000000	52000000	0.4004
chr11	52000000	53000000	0.4011
chr11	53000000	54000000	0.4009
chr11	54000000	55000000	0.3883
chr11	55000000	56000000	0.3664
chr11	56000000	57000000	0.3641
chr11	57000000	58000000	0.4513
chr11	58000000	59000000	0.3848
chr11	59000000	60000000	0.4079
chr11	60000000	61000000	0.4191
chr11	61000000	62000000	0.5144
chr11	62000000	63000000	0.4784
chr11	63000000	64000000	0.4398
chr11	64000000	65000000	0.5427
chr11	65000000	66000000	0.5178
chr11	66000000	67000000	0.4952
chr11	67000000	68000000	0.5008
chr11	68000000	69000000	0.4868
chr11	69000000	70000000	0.5192
chr11	70000000	71000000	0.5088
chr11	71000000	72000000	0.4724
chr11	72000000	73000000	0.4711
chr11	73000000	74000000	0.4499
chr11	74000000	75000000	0.4176
chr11	75000000	76000000	0.4653
chr11	76000000	77000000	0.4496
chr11	77000000	78000000	0.4308
chr11	78000000	79000000	0.4333
chr11	79000000	80000000	0.4196
chr11	80000000	81000000	0.3737
chr11	81000000	82000000	0.3576
chr11	82000000	83000000	0.3779
chr11	83000000	84000000	0.3914
chr11	84000000	85000000	0.3656
chr11	85000000	86000000	0.3809
chr11	86000000	87000000	0.4097
chr11	87000000	88000000	0.3788
chr11	88000000	89000000	0.3692
chr11	89000000	90000000	0.3637
chr11	90000000	91000000	0.3579
chr11	91000000	92000000	0.3608
chr11	92000000	93000000	0.3965
chr11	93000000	94000000	0.4006
chr11	94000000	95000000	0.4079
chr11	95000000	96000000	0.3907
chr11	96000000	97000000	0.3789
chr11	97000000	98000000	0.3573
chr11	98000000	99000000	0.3552
chr11	99000000	100000000	0.3480
chr11	100000000	101000000	0.3745
chr11	101000000	102000000	0.3769
chr11	102000000	103000000	0.3988
chr11	103000000	104000000	0.3707
chr11	104000000	105000000	0.3589
chr11	105000000	106000000	0.3562
chr11	106000000	107000000	0.3694
chr11	107000000	108000000	0.3938
chr11	108000000	109000000	0.3923
chr11	109000000	110000000	0.3837
chr11	110000000	111000000	0.3961
chr11	111000000	112000000	0.4146
chr11	112000000	113000000	0.4238
chr11	113000000	114000000	0.4369
chr11	114000000	115000000	0.4205
chr11	115000000	116000000	0.4209
chr11	116000000	117000000	0.4517
chr11	117000000	118000000	0.4793
chr11	118000000	119000000	0.4629
chr11	119000000	120000000	0.4923
chr11	120000000	121000000	0.4652
chr11	121000000	122000000	0.4121
chr11	122000000	123000000	0.4108
chr11	123000000	124000000	0.4285
chr11	124000000	125000000	0.4012
chr11	125000000	126000000	0.4390
chr11	126000000	127000000	0.4684
chr11	127000000	128000000	0.3907
chr11	128000000	129000000	0.4219
chr11	129000000	130000000	0.4105
chr11	130000000	131000000	0.4397
chr11	131000000	132000000	0.4314
chr11	132000000	133000000	0.4158
chr11	133000000	134000000	0.4409
chr11	134000000	135000000	0.4664
chr11	135000000	135086622	0.4498
chr12	0	1000000	0.4546
chr12	1000000	2000000	0.4249
chr12	2000000	3000000	0.4745
chr12	3000000	4000000	0.4706
chr12	4000000	5000000	0.4286
chr12	5000000	6000000	0.4401
chr12	6000000	7000000	0.4976
chr12	7000000	8000000	0.4255
chr12	8000000	9000000	0.4300
chr12	9000000	10000000	0.3988
chr12	10000000	11000000	0.3757
chr12	11000000	12000000	0.4033
chr12	12000000	13000000	0.4262
chr12	13000000	14000000	0.4154
chr12	14000000	15000000	0.3960
chr12	15000000	16000000	0.3744
chr12	16000000	17000000	0.3662
chr12	17000000	18000000	0.3557
chr12	18000000	19000000	0.3636
chr12	19000000	20000000	0.3911
chr12	20000000	21000000	0.3653
chr12	21000000	22000000	0.3663
chr12	22000000	23000000	0.3776
chr12	23000000	24000000	0.3605
chr12	24000000	25000000	0.3797
chr12	25000000	26000000	0.3900
chr12	26000000	27000000	0.3901
chr12	27000000	28000000	0.3979
chr12	28000000	29000000	0.3670
chr12	29000000	30000000	0.3857
chr12	30000000	31000000	0.4061
chr12	31000000	32000000	0.4287
chr12	32000000	33000000	0.4109
chr12	33000000	34000000	0.3673
chr12	34000000	35000000	0.4168
chr12	35000000	36000000	0.3855
chr12	36000000	37000000	0.3855
chr12	37000000	38000000	0.3785
chr12	38000000	39000000	0.3760
chr12	39000000	40000000	0.3708
chr12	40000000	41000000	0.3625
chr12	41000000	42000000	0.3729
chr12	42000000	43000000	0.3969
chr12	43000000	44000000	0.3698
chr12	44000000	45000000	0.3685
chr12	45000000	46000000	0.3855
chr12	46000000	47000000	0.3889
chr12	47000000	48000000	0.4315
chr12	48000000	49000000	0.4369
chr12	49000000	50000000	0.4747
chr12	50000000	51000000	0.4309
chr12	51000000	52000000	0.4489
chr12	52000000	53000000	0.4963
chr12	53000000	54000000	0.4711
chr12	54000000	55000000	0.4483
chr12	55000000	56000000	0.4065
chr12	56000000	57000000	0.4652
chr12	57000000	58000000	0.4774
chr12	58000000	59000000	0.3841
chr12	59000000	60000000	0.3629
chr12	60000000	61000000	0.3472
chr12	61000000	62000000	0.3615
chr12	62000000	63000000	0.3881
chr12	63000000	64000000	0.3817
chr12	64000000	65000000	0.4124
chr12	65000000	66000000	0.3874
chr12	66000000	67000000	0.3900
chr12	67000000	68000000	0.3944
chr12	68000000	69000000	0.4022
chr12	69000000	70000000	0.3990
chr12	70000000	71000000	0.3798
chr12	71000000	72000000	0.3775
chr12	72000000	73000000	0.3648
chr12	73000000	74000000	0.3500
chr12	74000000	75000000	0.3518
chr12	75000000	76000000	0.3724
chr12	76000000	77000000	0.3910
chr12	77000000	78000000	0.3689
chr12	78000000	79000000	0.3519
chr12	79000000	80000000	0.3728
chr12	80000000	81000000	0.3630
chr12	81000000	82000000	0.3508
chr12	82000000	83000000	0.3653
chr12	83000000	84000000	0.3617
chr12	84000000	85000000	0.3466
chr12	85000000	86000000	0.3466
chr12	86000000	87000000	0.3458
chr12	87000000	88000000	0.3537
chr12	88000000	89000000	0.3625
chr12	89000000	90000000	0.3844
chr12	90000000	91000000	0.3577
chr12	91000000	92000000	0.3614
chr12	92000000	93000000	0.3931
chr12	93000000	94000000	0.4133
chr12	94000000	95000000	0.4202
chr12	95000000	96000000	0.4106
chr12	96000000	97000000	0.3988
chr12	97000000	98000000	0.3864
chr12	98000000	99000000	0.4059
chr12	99000000	100000000	0.3723
chr12	100000000	101000000	0.3997
chr12	101000000	102000000	0.4017
chr12	102000000	103000000	0.3915
chr12	103000000	104000000	0.4015
chr12	104000000	105000000	0.4256
chr12	105000000	106000000	0.4126
chr12	106000000	107000000	0.4182
chr12	107000000	108000000	0.4300
chr12	108000000	109000000	0.4598
chr12	109000000	110000000	0.4751
chr12	110000000	111000000	0.4492
chr12	111000000	112000000	0.4667
chr12	112000000	113000000	0.4380
chr12	113000000	114000000	0.4932
chr12	114000000	115000000	0.4431
chr12	115000000	116000000	0.4262
chr12	116000000	117000000	0.4350
chr12	117000000	118000000	0.4601
chr12	118000000	119000000	0.4268
chr12	119000000	120000000	0.4396
chr12	120000000	121000000	0.4727
chr12	121000000	122000000	0.4873
chr12	122000000	123000000	0.4701
chr12	123000000	124000000	0.4693
chr12	124000000	125000000	0.5146
chr12	125000000	126000000	0.4412
chr12	126000000	127000000	0.4054
chr12	127000000	128000000	0.4135
chr12	128000000	129000000	0.4495
chr12	129000000	130000000	0.4302
chr12	130000000	131000000	0.4708
chr12	131000000	132000000	0.5102
chr12	132000000	133000000	0.5429
chr12	133000000	133275309	0.4225
chr13	0	1000000	NA
chr13	1000000	2000000	NA
chr13	2000000	3000000	NA
chr13	3000000	4000000	NA
chr13	4000000	5000000	NA
chr13	5000000	6000000	NA
chr13	6000000	7000000	NA
chr13	7000000	8000000	NA
chr13	8000000	9000000	NA
chr13	9000000	10000000	NA
chr13	10000000	11000000	NA
chr13	11000000	12000000	NA
chr13	12000000	13000000	NA
chr13	13000000	14000000	NA
chr13	14000000	15000000	NA
chr13	15000000	16000000	NA
chr13	16000000	17000000	0.3834
chr13	17000000	18000000	0.3870
chr13	18000000	19000000	0.4151
chr13	19000000	20000000	0.4174
chr13	20000000	21000000	0.4261
chr13	21000000	22000000	0.4235
chr13	22000000	23000000	0.3952
chr13	23000000	24000000	0.4070
chr13	24000000	25000000	0.4307
chr13	25000000	26000000	0.4162
chr13	26000000	27000000	0.4209
chr13	27000000	28000000	0.4299
chr13	28000000	29000000	0.4117
chr13	29000000	30000000	0.4167
chr13	30000000	31000000	0.4318
chr13	31000000	32000000	0.4059
chr13	32000000	33000000	0.3931
chr13	33000000	34000000	0.3930
chr13	34000000	35000000	0.3877
chr13	35000000	36000000	0.3719
chr13	36000000	37000000	0.3923
chr13	37000000	38000000	0.3649
chr13	38000000	39000000	0.3663
chr13	39000000	40000000	0.3840
chr13	40000000	41000000	0.4201
chr13	41000000	42000000	0.3936
chr13	42000000	43000000	0.3960
chr13	43000000	44000000	0.3921
chr13	44000000	45000000	0.4199
chr13	45000000	46000000	0.4223
chr13	46000000	47000000	0.3930
chr13	47000000	48000000	0.3857
chr13	48000000	49000000	0.3971
chr13	49000000	50000000	0.4055
chr13	50000000	51000000	0.3940
chr13	51000000	52000000	0.4192
chr13	52000000	53000000	0.4145
chr13	53000000	54000000	0.3763
chr13	54000000	55000000	0.3587
chr13	55000000	56000000	0.3423
chr13	56000000	57000000	0.3406
chr13	57000000	58000000	0.3461
chr13	58000000	59000000	0.3521
chr13	59000000	60000000	0.3759
chr13	60000000	61000000	0.3762
chr13	61000000	62000000	0.3520
chr13	62000000	63000000	0.3408
chr13	63000000	64000000	0.3454
chr13	64000000	65000000	0.3417
chr13	65000000	66000000	0.3431
chr13	66000000	67000000	0.3504
chr13	67000000	68000000	0.3493
chr13	68000000	69000000	0.3398
chr13	69000000	70000000	0.3410
chr13	70000000	71000000	0.3421
chr13	71000000	72000000	0.3464
chr13	72000000	73000000	0.3690
chr13	73000000	74000000	0.3911
chr13	74000000	75000000	0.3747
chr13	75000000	76000000	0.3826
chr13	76000000	77000000	0.3785
chr13	77000000	78000000	0.3737
chr13	78000000	79000000	0.3735
chr13	79000000	80000000	0.3762
chr13	80000000	81000000	0.3731
chr13	81000000	82000000	0.3480
chr13	82000000	83000000	0.3425
chr13	83000000	84000000	0.3464
chr13	84000000	85000000	0.3457
chr13	85000000	86000000	0.3489
chr13	86000000	87000000	0.3447
chr13	87000000	88000000	0.3420
chr13	88000000	89000000	0.3449
chr13	89000000	90000000	0.3456
chr13	90000000	91000000	0.3585
chr13	91000000	92000000	0.3656
chr13	92000000	93000000	0.3566
chr13	93000000	94000000	0.3659
chr13	94000000	95000000	0.3939
chr13	95000000	96000000	0.4097
chr13	96000000	97000000	0.3836
chr13	97000000	98000000	0.4035
chr13	98000000	99000000	0.4421
chr13	99000000	100000000	0.4361
chr13	100000000	101000000	0.4147
chr13	101000000	102000000	0.3740
chr13	102000000	103000000	0.3861
chr13	103000000	104000000	0.3688
chr13	104000000	105000000	0.3594
chr13	105000000	106000000	0.3660
chr13	106000000	107000000	0.3990
chr13	107000000	108000000	0.3752
chr13	108000000	109000000	0.3785
chr13	109000000	110000000	0.4104
chr13	110000000	111000000	0.4562
chr13	111000000	112000000	0.4688
chr13	112000000	113000000	0.4805
chr13	113000000	114000000	0.5182
chr13	114000000	114364328	0.4979
chr14	0	1000000	NA
chr14	1000000	2000000	NA
chr14	2000000	3000000	NA
chr14	3000000	4000000	NA
chr14	4000000	5000000	NA
chr14	5000000	6000000	NA
chr14	6000000	7000000	NA
chr14	7000000	8000000	NA
chr14	8000000	9000000	NA
chr14	9000000	10000000	NA
chr14	10000000	11000000	NA
chr14	11000000	12000000	NA
chr14	12000000	13000000	NA
chr14	13000000	14000000	NA
chr14	14000000	15000000	NA
chr14	15000000	16000000	NA
chr14	16000000	17000000	0.3849
chr14	17000000	18000000	0.3872
chr14	18000000	19000000	0.4009
chr14	19000000	20000000	0.3992
chr14	20000000	21000000	0.4160
chr14	21000000	22000000	0.4161
chr14	22000000	23000000	0.4267
chr14	23000000	24000000	0.4534
chr14	24000000	25000000	0.4461
chr14	25000000	26000000	0.3785
chr14	26000000	27000000	0.3571
chr14	27000000	28000000	0.3443
chr14	28000000	29000000	0.3574
chr14	29000000	30000000	0.3626
chr14	30000000	31000000	0.3782
chr14	31000000	32000000	0.4006
chr14	32000000	33000000	0.3849
chr14	33000000	34000000	0.3881
chr14	34000000	35000000	0.4225
chr14	35000000	36000000	0.4010
chr14	36000000	37000000	0.3934
chr14	37000000	38000000	0.3744
chr14	38000000	39000000	0.3777
chr14	39000000	40000000	0.3837
chr14	40000000	41000000	0.3481
chr14	41000000	42000000	0.3458
chr14	42000000	43000000	0.3469
chr14	43000000	44000000	0.3451
chr14	44000000	45000000	0.3690
chr14	45000000	46000000	0.3749
chr14	46000000	47000000	0.3451
chr14	47000000	48000000	0.3558
chr14	48000000	49000000	0.3541
chr14	49000000	50000000	0.4055
chr14	50000000	51000000	0.4080
chr14	51000000	52000000	0.4013
chr14	52000000	53000000	0.3958
chr14	53000000	54000000	0.3928
chr14	54000000	55000000	0.4132
chr14	55000000	56000000	0.4086
chr14	56000000	57000000	0.4039
chr14	57000000	58000000	0.3909
chr14	58000000	59000000	0.3982
chr14	59000000	60000000	0.3916
chr14	60000000	61000000	0.3817
chr14	61000000	62000000	0.4106
chr14	62000000	63000000	0.3739
chr14	63000000	64000000	0.4048
chr14	64000000	65000000	0.4381
chr14	65000000	66000000	0.4179
chr14	66000000	67000000	0.3831
chr14	67000000	68000000	0.4118
chr14	68000000	69000000	0.4354
chr14	69000000	70000000	0.4446
chr14	70000000	71000000	0.4176
chr14	71000000	72000000	0.4064
chr14	72000000	73000000	0.4385
chr14	73000000	74000000	0.4439
chr14	74000000	75000000	0.4598
chr14	75000000	76000000	0.4347
chr14	76000000	77000000	0.4647
chr14	77000000	78000000	0.4591
chr14	78000000	79000000	0.4103
chr14	79000000	80000000	0.3833
chr14	80000000	81000000	0.3726
chr14	81000000	82000000	0.3982
chr14	82000000	83000000	0.3599
chr14	83000000	84000000	0.3519
chr14	84000000	85000000	0.3593
chr14	85000000	86000000	0.3736
chr14	86000000	87000000	0.3598
chr14	87000000	88000000	0.3850
chr14	88000000	89000000	0.4021
chr14	89000000	90000000	0.4313
chr14	90000000	91000000	0.4455
chr14	91000000	92000000	0.4378
chr14	92000000	93000000	0.4647
chr14	93000000	94000000	0.4516
chr14	94000000	95000000	0.4530
chr14	95000000	96000000	0.4568
chr14	96000000	97000000	0.4364
chr14	97000000	98000000	0.4241
chr14	98000000	99000000	0.4204
chr14	99000000	100000000	0.4812
chr14	100000000	101000000	0.4915
chr14	101000000	102000000	0.4694
chr14	102000000	103000000	0.4790
chr14	103000000	104000000	0.4869
chr14	104000000	105000000	0.5469
chr14	105000000	106000000	0.5546
chr14	106000000	107000000	0.4135
chr14	107000000	107043718	NA
chr15	0	1000000	NA
chr15	1000000	2000000	NA
chr15	2000000	3000000	NA
chr15	3000000	4000000	NA
chr15	4000000	5000000	NA
chr15	5000000	6000000	NA
chr15	6000000	7000000	NA
chr15	7000000	8000000	NA
chr15	8000000	9000000	NA
chr15	9000000	10000000	NA
chr15	10000000	11000000	NA
chr15	11000000	12000000	NA
chr15	12000000	13000000	NA
chr15	13000000	14000000	NA
chr15	14000000	15000000	NA
chr15	15000000	16000000	NA
chr15	16000000	17000000	NA
chr15	17000000	18000000	0.3769
chr15	18000000	19000000	0.3785
chr15	19000000	20000000	0.3784
chr15	20000000	21000000	0.4262
chr15	21000000	22000000	0.4068
chr15	22000000	23000000	0.4324
chr15	23000000	24000000	0.4215
chr15	24000000	25000000	0.3940
chr15	25000000	26000000	0.4305
chr15	26000000	27000000	0.4101
chr15	27000000	28000000	0.4157
chr15	28000000	29000000	0.4422
chr15	29000000	30000000	0.4335
chr15	30000000	31000000	0.4269
chr15	31000000	32000000	0.4478
chr15	32000000	33000000	0.4158
chr15	33000000	34000000	0.4102
chr15	34000000	35000000	0.4107
chr15	35000000	36000000	0.3737
chr15	36000000	37000000	0.3699
chr15	37000000	38000000	0.3728
chr15	38000000	39000000	0.3951
chr15	39000000	40000000	0.3977
chr15	40000000	41000000	0.4802
chr15	41000000	42000000	0.4616
chr15	42000000	43000000	0.4296
chr15	43000000	44000000	0.4393
chr15	44000000	45000000	0.4093
chr15	45000000	46000000	0.4334
chr15	46000000	47000000	0.3678
chr15	47000000	48000000	0.3862
chr15	48000000	49000000	0.3904
chr15	49000000	50000000	0.3744
chr15	50000000	51000000	0.4029
chr15	51000000	52000000	0.4139
chr15	52000000	53000000	0.4166
chr15	53000000	54000000	0.3818
chr15	54000000	55000000	0.3667
chr15	55000000	56000000	0.4024
chr15	56000000	57000000	0.3763
chr15	57000000	58000000	0.4125
chr15	58000000	59000000	0.4078
chr15	59000000	60000000	0.4164
chr15	60000000	61000000	0.4117
chr15	61000000	62000000	0.3982
chr15	62000000	63000000	0.4294
chr15	63000000	64000000	0.4293
chr15	64000000	65000000	0.4477
chr15	65000000	66000000	0.4461
chr15	66000000	67000000	0.4725
chr15	67000000	68000000	0.4223
chr15	68000000	69000000	0.4446
chr15	69000000	70000000	0.4496
chr15	70000000	71000000	0.4497
chr15	71000000	72000000	0.4129
chr15	72000000	73000000	0.4293
chr15	73000000	74000000	0.4442
chr15	74000000	75000000	0.4999
chr15	75000000	76000000	0.4716
chr15	76000000	77000000	0.4071
chr15	77000000	78000000	0.4709
chr15	78000000	79000000	0.4684
chr15	79000000	80000000	0.4309
chr15	80000000	81000000	0.4410
chr15	81000000	82000000	0.4084
chr15	82000000	83000000	0.4423
chr15	83000000	84000000	0.4097
chr15	84000000	85000000	0.4496
chr15	85000000	86000000	0.4320
chr15	86000000	87000000	0.3951
chr15	87000000	88000000	0.3965
chr15	88000000	89000000	0.4641
chr15	89000000	90000000	0.4646
chr15	90000000	91000000	0.4666
chr15	91000000	92000000	0.4177
chr15	92000000	93000000	0.4377
chr15	93000000	94000000	0.4235
chr15	94000000	95000000	0.3883
chr15	95000000	96000000	0.3805
chr15	96000000	97000000	0.4010
chr15	97000000	98000000	0.3810
chr15	98000000	99000000	0.4357
chr15	99000000	100000000	0.4218
chr15	100000000	101000000	0.4440
chr15	101000000	101991189	0.4548
chr16	0	1000000	0.5734
chr16	1000000	2000000	0.5777
chr16	2000000	3000000	0.5510
chr16	3000000	4000000	0.4887
chr16	4000000	5000000	0.5150
chr16	5000000	6000000	0.4569
chr16	6000000	7000000	0.4130
chr16	7000000	8000000	0.4116
chr16	8000000	9000000	0.4442
chr16	9000000	10000000	0.4320
chr16	10000000	11000000	0.4543
chr16	11000000	12000000	0.4833
chr16	12000000	13000000	0.4589
chr16	13000000	14000000	0.4197
chr16	14000000	15000000	0.4469
chr16	15000000	16000000	0.4624
chr16	16000000	17000000	0.4581
chr16	17000000	18000000	0.4346
chr16	18000000	19000000	0.4488
chr16	19000000	20000000	0.4491
chr16	20000000	21000000	0.4274
chr16	21000000	22000000	0.4397
chr16	22000000	23000000	0.4405
chr16	23000000	24000000	0.4508
chr16	24000000	25000000	0.4378
chr16	25000000	26000000	0.4256
chr16	26000000	27000000	0.4180
chr16	27000000	28000000	0.4765
chr16	28000000	29000000	0.4934
chr16	29000000	30000000	0.4901
chr16	30000000	31000000	0.5060
chr16	31000000	32000000	0.4594
chr16	32000000	33000000	0.4163
chr16	33000000	34000000	0.4266
chr16	34000000	35000000	0.3832
chr16	35000000	36000000	0.4083
chr16	36000000	37000000	0.3855
chr16	37000000	38000000	0.3949
chr16	38000000	39000000	0.3945
chr16	39000000	40000000	NA
chr16	40000000	41000000	NA
chr16	41000000	42000000	NA
chr16	42000000	43000000	NA
chr16	43000000	44000000	NA
chr16	44000000	45000000	NA
chr16	45000000	46000000	NA
chr16	46000000	47000000	0.4225
chr16	47000000	48000000	0.3970
chr16	48000000	49000000	0.4367
chr16	49000000	50000000	0.4701
chr16	50000000	51000000	0.4588
chr16	51000000	52000000	0.4169
chr16	52000000	53000000	0.3949
chr16	53000000	54000000	0.4002
chr16	54000000	55000000	0.4347
chr16	55000000	56000000	0.4364
chr16	56000000	57000000	0.4513
chr16	57000000	58000000	0.4961
chr16	58000000	59000000	0.4443
chr16	59000000	60000000	0.3728
chr16	60000000	61000000	0.3659
chr16	61000000	62000000	0.3617
chr16	62000000	63000000	0.3695
chr16	63000000	64000000	0.3610
chr16	64000000	65000000	0.3708
chr16	65000000	66000000	0.4114
chr16	66000000	67000000	0.4702
chr16	67000000	68000000	0.5060
chr16	68000000	69000000	0.4650
chr16	69000000	70000000	0.4436
chr16	70000000	71000000	0.4758
chr16	71000000	72000000	0.4265
chr16	72000000	73000000	0.4114
chr16	73000000	74000000	0.4236
chr16	74000000	75000000	0.4371
chr16	75000000	76000000	0.4401
chr16	76000000	77000000	0.3649
chr16	77000000	78000000	0.4150
chr16	78000000	79000000	0.4258
chr16	79000000	80000000	0.4270
chr16	80000000	81000000	0.4138
chr16	81000000	82000000	0.4760
chr16	82000000	83000000	0.4187
chr16	83000000	84000000	0.4378
chr16	84000000	85000000	0.4906
chr16	85000000	86000000	0.5381
chr16	86000000	87000000	0.4876
chr16	87000000	88000000	0.5079
chr16	88000000	89000000	0.5720
chr16	89000000	90000000	0.5419
chr16	90000000	90338345	0.4684
chr17	0	1000000	0.4970
chr17	1000000	2000000	0.5208
chr17	2000000	3000000	0.4887
chr17	3000000	4000000	0.4698
chr17	4000000	5000000	0.4916
chr17	5000000	6000000	0.4560
chr17	6000000	7000000	0.4626
chr17	7000000	8000000	0.5105
chr17	8000000	9000000	0.4724
chr17	9000000	10000000	0.4599
chr17	10000000	11000000	0.4386
chr17	11000000	12000000	0.4284
chr17	12000000	13000000	0.4062
chr17	13000000	14000000	0.4034
chr17	14000000	15000000	0.4055
chr17	15000000	16000000	0.4350
chr17	16000000	17000000	0.4440
chr17	17000000	18000000	0.5140
chr17	18000000	19000000	0.4781
chr17	19000000	20000000	0.4770
chr17	20000000	21000000	0.4332
chr17	21000000	22000000	0.4668
chr17	22000000	23000000	0.4078
chr17	23000000	24000000	0.4091
chr17	24000000	25000000	0.4090
chr17	25000000	26000000	0.4089
chr17	26000000	27000000	0.4015
chr17	27000000	28000000	0.4520
chr17	28000000	29000000	0.4683
chr17	29000000	30000000	0.4446
chr17	30000000	31000000	0.4309
chr17	31000000	32000000	0.4377
chr17	32000000	33000000	0.4324
chr17	33000000	34000000	0.4465
chr17	34000000	35000000	0.4538
chr17	35000000	36000000	0.4340
chr17	36000000	37000000	0.4708
chr17	37000000	38000000	0.4302
chr17	38000000	39000000	0.4896
chr17	39000000	40000000	0.4777
chr17	40000000	41000000	0.4579
chr17	41000000	42000000	0.4699
chr17	42000000	43000000	0.4887
chr17	43000000	44000000	0.4848
chr17	44000000	45000000	0.4945
chr17	45000000	46000000	0.4975
chr17	46000000	47000000	0.4365
chr17	47000000	48000000	0.4487
chr17	48000000	49000000	0.4517
chr17	49000000	50000000	0.4791
chr17	50000000	51000000	0.4994
chr17	51000000	52000000	0.4143
chr17	52000000	53000000	0.3719
chr17	53000000	54000000	0.3567
chr17	54000000	55000000	0.3754
chr17	55000000	56000000	0.3995
chr17	56000000	57000000	0.4189
chr17	57000000	58000000	0.4667
chr17	58000000	59000000	0.4376
chr17	59000000	60000000	0.4188
chr17	60000000	61000000	0.4152
chr17	61000000	62000000	0.4051
chr17	62000000	63000000	0.4343
chr17	63000000	64000000	0.4417
chr17	64000000	65000000	0.4460
chr17	65000000	66000000	0.4289
chr17	66000000	67000000	0.4352
chr17	67000000	68000000	0.4352
chr17	68000000	69000000	0.4284
chr17	69000000	70000000	0.3815
chr17	70000000	71000000	0.3723
chr17	71000000	72000000	0.3809
chr17	72000000	73000000	0.4574
chr17	73000000	74000000	0.4917
chr17	74000000	75000000	0.5144
chr17	75000000	76000000	0.5122
chr17	76000000	77000000	0.5049
chr17	77000000	78000000	0.5003
chr17	78000000	79000000	0.5079
chr17	79000000	80000000	0.5400
chr17	80000000	81000000	0.5109
chr17	81000000	82000000	0.5786
chr17	82000000	83000000	0.5406
chr17	83000000	83257441	0.5339
chr18	0	1000000	0.4230
chr18	1000000	2000000	0.3658
chr18	2000000	3000000	0.3906
chr18	3000000	4000000	0.4164
chr18	4000000	5000000	0.3763
chr18	5000000	6000000	0.3989
chr18	6000000	7000000	0.3988
chr18	7000000	8000000	0.4178
chr18	8000000	9000000	0.4264
chr18	9000000	10000000	0.4108
chr18	10000000	11000000	0.4264
chr18	11000000	12000000	0.4240
chr18	12000000	13000000	0.4371
chr18	13000000	14000000	0.4387
chr18	14000000	15000000	0.4082
chr18	15000000	16000000	0.3863
chr18	16000000	17000000	0.3966
chr18	17000000	18000000	0.3968
chr18	18000000	19000000	0.3967
chr18	19000000	20000000	0.3962
chr18	20000000	21000000	0.3918
chr18	21000000	22000000	0.4047
chr18	22000000	23000000	0.4078
chr18	23000000	24000000	0.4416
chr18	24000000	25000000	0.4130
chr18	25000000	26000000	0.3918
chr18	26000000	27000000	0.4000
chr18	27000000	28000000	0.3749
chr18	28000000	29000000	0.3626
chr18	29000000	30000000	0.3458
chr18	30000000	31000000	0.3531
chr18	31000000	32000000	0.3877
chr18	32000000	33000000	0.3915
chr18	33000000	34000000	0.3553
chr18	34000000	35000000	0.3685
chr18	35000000	36000000	0.4058
chr18	36000000	37000000	0.4138
chr18	37000000	38000000	0.4436
chr18	38000000	39000000	0.3719
chr18	39000000	40000000	0.3668
chr18	40000000	41000000	0.3586
chr18	41000000	42000000	0.3687
chr18	42000000	43000000	0.3710
chr18	43000000	44000000	0.3605
chr18	44000000	45000000	0.3871
chr18	45000000	46000000	0.4219
chr18	46000000	47000000	0.4450
chr18	47000000	48000000	0.4270
chr18	48000000	49000000	0.4812
chr18	49000000	50000000	0.4244
chr18	50000000	51000000	0.4304
chr18	51000000	52000000	0.4051
chr18	52000000	53000000	0.3757
chr18	53000000	54000000	0.3677
chr18	54000000	55000000	0.3827
chr18	55000000	56000000	0.3836
chr18	56000000	57000000	0.3834
chr18	57000000	58000000	0.4306
chr18	58000000	59000000	0.4357
chr18	59000000	60000000	0.4261
chr18	60000000	61000000	0.3609
chr18	61000000	62000000	0.3943
chr18	62000000	63000000	0.4016
chr18	63000000	64000000	0.4051
chr18	64000000	65000000	0.3672
chr18	65000000	66000000	0.3469
chr18	66000000	67000000	0.3438
chr18	67000000	68000000	0.3514
chr18	68000000	69000000	0.3548
chr18	69000000	70000000	0.3621
chr18	70000000	71000000	0.3866
chr18	71000000	72000000	0.3535
chr18	72000000	73000000	0.3660
chr18	73000000	74000000	0.3772
chr18	74000000	75000000	0.4119
chr18	75000000	76000000	0.4242
chr18	76000000	77000000	0.4381
chr18	77000000	78000000	0.4222
chr18	78000000	79000000	0.4564
chr18	79000000	80000000	0.4912
chr18	80000000	80373285	0.4602
chr19	0	1000000	0.5461
chr19	1000000	2000000	0.5912
chr19	2000000	3000000	0.5459
chr19	3000000	4000000	0.5554
chr19	4000000	5000000	0.5410
chr19	5000000	6000000	0.5311
chr19	6000000	7000000	0.4902
chr19	7000000	8000000	0.5070
chr19	8000000	9000000	0.4978
chr19	9000000	10000000	0.4545
chr19	10000000	11000000	0.5237
chr19	11000000	12000000	0.4905
chr19	12000000	13000000	0.4771
chr19	13000000	14000000	0.5062
chr19	14000000	15000000	0.4898
chr19	15000000	16000000	0.4796
chr19	16000000	17000000	0.5058
chr19	17000000	18000000	0.5273
chr19	18000000	19000000	0.5459
chr19	19000000	20000000	0.4934
chr19	20000000	21000000	0.4067
chr19	21000000	22000000	0.4096
chr19	22000000	23000000	0.4101
chr19	23000000	24000000	0.4158
chr19	24000000	25000000	0.3931
chr19	25000000	26000000	0.3919
chr19	26000000	27000000	0.3923
chr19	27000000	28000000	0.3917
chr19	28000000	29000000	0.4298
chr19	29000000	30000000	0.4743
chr19	30000000	31000000	0.4532
chr19	31000000	32000000	0.4342
chr19	32000000	33000000	0.4454
chr19	33000000	34000000	0.4956
chr19	34000000	35000000	0.4427
chr19	35000000	36000000	0.5157
chr19	36000000	37000000	0.4485
chr19	37000000	38000000	0.4329
chr19	38000000	39000000	0.5182
chr19	39000000	40000000	0.4796
chr19	40000000	41000000	0.4895
chr19	41000000	42000000	0.4878
chr19	42000000	43000000	0.4788
chr19	43000000	44000000	0.4543
chr19	44000000	45000000	0.4553
chr19	45000000	46000000	0.5267
chr19	46000000	47000000	0.4835
chr19	47000000	48000000	0.5046
chr19	48000000	49000000	0.5131
chr19	49000000	50000000	0.5276
chr19	50000000	51000000	0.5135
chr19	51000000	52000000	0.4641
chr19	52000000	53000000	0.4432
chr19	53000000	54000000	0.4649
chr19	54000000	55000000	0.4876
chr19	55000000	56000000	0.5125
chr19	56000000	57000000	0.4495
chr19	57000000	58000000	0.4477
chr19	58000000	58617616	0.5029
chr20	0	1000000	0.4617
chr20	1000000	2000000	0.4488
chr20	2000000	3000000	0.4493
chr20	3000000	4000000	0.4685
chr20	4000000	5000000	0.4442
chr20	5000000	6000000	0.4340
chr20	6000000	7000000	0.3954
chr20	7000000	8000000	0.3695
chr20	8000000	9000000	0.3810
chr20	9000000	10000000	0.3925
chr20	10000000	11000000	0.4035
chr20	11000000	12000000	0.3844
chr20	12000000	13000000	0.3872
chr20	13000000	14000000	0.3978
chr20	14000000	15000000	0.3719
chr20	15000000	16000000	0.3855
chr20	16000000	17000000	0.4073
chr20	17000000	18000000	0.4363
chr20	18000000	19000000	0.4267
chr20	19000000	20000000	0.4342
chr20	20000000	21000000	0.4183
chr20	21000000	22000000	0.4141
chr20	22000000	23000000	0.4130
chr20	23000000	24000000	0.4508
chr20	24000000	25000000	0.4515
chr20	25000000	26000000	0.4540
chr20	26000000	27000000	0.3941
chr20	27000000	28000000	0.3926
chr20	28000000	29000000	0.3819
chr20	29000000	30000000	0.3927
chr20	30000000	31000000	0.4062
chr20	31000000	32000000	0.4513
chr20	32000000	33000000	0.4842
chr20	33000000	34000000	0.4773
chr20	34000000	35000000	0.4489
chr20	35000000	36000000	0.4540
chr20	36000000	37000000	0.4874
chr20	37000000	38000000	0.4663
chr20	38000000	39000000	0.4598
chr20	39000000	40000000	0.4141
chr20	40000000	41000000	0.4245
chr20	41000000	42000000	0.4309
chr20	42000000	43000000	0.4224
chr20	43000000	44000000	0.4547
chr20	44000000	45000000	0.4651
chr20	45000000	46000000	0.4428
chr20	46000000	47000000	0.4647
chr20	47000000	48000000	0.4652
chr20	48000000	49000000	0.4780
chr20	49000000	50000000	0.4607
chr20	50000000	51000000	0.4878
chr20	51000000	52000000	0.4659
chr20	52000000	53000000	0.4106
chr20	53000000	54000000	0.4286
chr20	54000000	55000000	0.3947
chr20	55000000	56000000	0.3802
chr20	56000000	57000000	0.4499
chr20	57000000	58000000	0.4920
chr20	58000000	59000000	0.4626
chr20	59000000	60000000	0.4502
chr20	60000000	61000000	0.4318
chr20	61000000	62000000	0.5059
chr20	62000000	63000000	0.5642
chr20	63000000	64000000	0.5723
chr20	64000000	64444167	0.5314
chr21	0	1000000	NA
chr21	1000000	2000000	NA
chr21	2000000	3000000	NA
chr21	3000000	4000000	NA
chr21	4000000	5000000	NA
chr21	5000000	6000000	0.4339
chr21	6000000	7000000	0.4614
chr21	7000000	8000000	0.4077
chr21	8000000	9000000	0.4367
chr21	9000000	10000000	0.4130
chr21	10000000	11000000	0.3868
chr21	11000000	12000000	0.3861
chr21	12000000	13000000	0.3863
chr21	13000000	14000000	0.3911
chr21	14000000	15000000	0.3770
chr21	15000000	16000000	0.3732
chr21	16000000	17000000	0.3544
chr21	17000000	18000000	0.3929
chr21	18000000	19000000	0.3566
chr21	19000000	20000000	0.3479
chr21	20000000	21000000	0.3542
chr21	21000000	22000000	0.3463
chr21	22000000	23000000	0.3498
chr21	23000000	24000000	0.3518
chr21	24000000	25000000	0.3505
chr21	25000000	26000000	0.3818
chr21	26000000	27000000	0.3853
chr21	27000000	28000000	0.3616
chr21	28000000	29000000	0.3752
chr21	29000000	30000000	0.3916
chr21	30000000	31000000	0.3702
chr21	31000000	32000000	0.4361
chr21	32000000	33000000	0.4333
chr21	33000000	34000000	0.4384
chr21	34000000	35000000	0.4379
chr21	35000000	36000000	0.4110
chr21	36000000	37000000	0.4588
chr21	37000000	38000000	0.4219
chr21	38000000	39000000	0.4257
chr21	39000000	40000000	0.4306
chr21	40000000	41000000	0.4102
chr21	41000000	42000000	0.4721
chr21	42000000	43000000	0.4971
chr21	43000000	44000000	0.5176
chr21	44000000	45000000	0.5301
chr21	45000000	46000000	0.5109
chr21	46000000	46709983	0.4932
chr22	0	1000000	NA
chr22	1000000	2000000	NA
chr22	2000000	3000000	NA
chr22	3000000	4000000	NA
chr22	4000000	5000000	NA
chr22	5000000	6000000	NA
chr22	6000000	7000000	NA
chr22	7000000	8000000	NA
chr22	8000000	9000000	NA
chr22	9000000	10000000	NA
chr22	10000000	11000000	0.3849
chr22	11000000	12000000	0.4235
chr22	12000000	13000000	0.3863
chr22	13000000	14000000	0.3834
chr22	14000000	15000000	0.3870
chr22	15000000	16000000	0.4063
chr22	16000000	17000000	0.3967
chr22	17000000	18000000	0.4724
chr22	18000000	19000000	0.4810
chr22	19000000	20000000	0.5035
chr22	20000000	21000000	0.5212
chr22	21000000	22000000	0.4983
chr22	22000000	23000000	0.4527
chr22	23000000	24000000	0.5086
chr22	24000000	25000000	0.4812
chr22	25000000	26000000	0.4608
chr22	26000000	27000000	0.4542
chr22	27000000	28000000	0.4664
chr22	28000000	29000000	0.4129
chr22	29000000	30000000	0.4763
chr22	30000000	31000000	0.4804
chr22	31000000	32000000	0.4709
chr22	32000000	33000000	0.4503
chr22	33000000	34000000	0.4367
chr22	34000000	35000000	0.4126
chr22	35000000	36000000	0.4561
chr22	36000000	37000000	0.4853
chr22	37000000	38000000	0.5384
chr22	38000000	39000000	0.5009
chr22	39000000	40000000	0.5000
chr22	40000000	41000000	0.4410
chr22	41000000	42000000	0.4966
chr22	42000000	43000000	0.5021
chr22	43000000	44000000	0.4984
chr22	44000000	45000000	0.5155
chr22	45000000	46000000	0.4862
chr22	46000000	47000000	0.5206
chr22	47000000	48000000	0.4695
chr22	48000000	49000000	0.5033
chr22	49000000	50000000	0.5152
chr22	50000000	50818468	0.5433
chrX	0	1000000	0.4898
chrX	1000000	2000000	0.4827
chrX	2000000	3000000	0.4605
chrX	3000000	4000000	0.4286
chrX	4000000	5000000	0.3776
chrX	5000000	6000000	0.3771
chrX	6000000	7000000	0.3977
chrX	7000000	8000000	0.4001
chrX	8000000	9000000	0.3918
chrX	9000000	10000000	0.4422
chrX	10000000	11000000	0.4092
chrX	11000000	12000000	0.3924
chrX	12000000	13000000	0.3986
chrX	13000000	14000000	0.4110
chrX	14000000	15000000	0.3800
chrX	15000000	16000000	0.3956
chrX	16000000	17000000	0.4117
chrX	17000000	18000000	0.4177
chrX	18000000	19000000	0.4206
chrX	19000000	20000000	0.4286
chrX	20000000	21000000	0.3948
chrX	21000000	22000000	0.3774
chrX	22000000	23000000	0.3830
chrX	23000000	24000000	0.4076
chrX	24000000	25000000	0.4127
chrX	25000000	26000000	0.3810
chrX	26000000	27000000	0.3637
chrX	27000000	28000000	0.3645
chrX	28000000	29000000	0.3633
chrX	29000000	30000000	0.3642
chrX	30000000	31000000	0.3931
chrX	31000000	32000000	0.3775
chrX	32000000	33000000	0.3579
chrX	33000000	34000000	0.3574
chrX	34000000	35000000	0.3623
chrX	35000000	36000000	0.3676
chrX	36000000	37000000	0.3677
chrX	37000000	38000000	0.3900
chrX	38000000	39000000	0.3952
chrX	39000000	40000000	0.4517
chrX	40000000	41000000	0.4553
chrX	41000000	42000000	0.4116
chrX	42000000	43000000	0.3875
chrX	43000000	44000000	0.3875
chrX	44000000	45000000	0.4108
chrX	45000000	46000000	0.3916
chrX	46000000	47000000	0.4078
chrX	47000000	48000000	0.4412
chrX	48000000	49000000	0.4671
chrX	49000000	50000000	0.4517
chrX	50000000	51000000	0.4001
chrX	51000000	52000000	0.3967
chrX	52000000	53000000	0.4268
chrX	53000000	54000000	0.4391
chrX	54000000	55000000	0.4231
chrX	55000000	56000000	0.3962
chrX	56000000	57000000	0.3948
chrX	57000000	58000000	0.3841
chrX	58000000	59000000	0.4078
chrX	59000000	60000000	0.4063
chrX	60000000	61000000	0.4060
chrX	61000000	62000000	0.4061
chrX	62000000	63000000	0.3876
chrX	63000000	64000000	0.3915
chrX	64000000	65000000	0.3935
chrX	65000000	66000000	0.4048
chrX	66000000	67000000	0.3825
chrX	67000000	68000000	0.3784
chrX	68000000	69000000	0.4290
chrX	69000000	70000000	0.4297
chrX	70000000	71000000	0.4147
chrX	71000000	72000000	0.4505
chrX	72000000	73000000	0.4233
chrX	73000000	74000000	0.3906
chrX	74000000	75000000	0.4045
chrX	75000000	76000000	0.3885
chrX	76000000	77000000	0.3841
chrX	77000000	78000000	0.3957
chrX	78000000	79000000	0.3779
chrX	79000000	80000000	0.3658
chrX	80000000	81000000	0.3736
chrX	81000000	82000000	0.3644
chrX	82000000	83000000	0.3598
chrX	83000000	84000000	0.3611
chrX	84000000	85000000	0.3628
chrX	85000000	86000000	0.3685
chrX	86000000	87000000	0.3632
chrX	87000000	88000000	0.3596
chrX	88000000	89000000	0.3575
chrX	89000000	90000000	0.3562
chrX	90000000	91000000	0.3585
chrX	91000000	92000000	0.3613
chrX	92000000	93000000	0.3608
chrX	93000000	94000000	0.3640
chrX	94000000	95000000	0.3611
chrX	95000000	96000000	0.3591
chrX	96000000	97000000	0.3700
chrX	97000000	98000000	0.3777
chrX	98000000	99000000	0.3650
chrX	99000000	100000000	0.3600
chrX	100000000	101000000	0.3987
chrX	101000000	102000000	0.4088
chrX	102000000	103000000	0.4027
chrX	103000000	104000000	0.4079
chrX	104000000	105000000	0.3991
chrX	105000000	106000000	0.3703
chrX	106000000	107000000	0.3806
chrX	107000000	108000000	0.4169
chrX	108000000	109000000	0.3793
chrX	109000000	110000000	0.3941
chrX	110000000	111000000	0.3989
chrX	111000000	112000000	0.3886
chrX	112000000	113000000	0.3927
chrX	113000000	114000000	0.3698
chrX	114000000	115000000	0.3609
chrX	115000000	116000000	0.4107
chrX	116000000	117000000	0.3658
chrX	117000000	118000000	0.3740
chrX	118000000	119000000	0.4070
chrX	119000000	120000000	0.4411
chrX	120000000	121000000	0.4160
chrX	121000000	122000000	0.3703
chrX	122000000	123000000	0.3688
chrX	123000000	124000000	0.4011
chrX	124000000	125000000	0.3781
chrX	125000000	126000000	0.3652
chrX	126000000	127000000	0.3598
chrX	127000000	128000000	0.3547
chrX	128000000	129000000	0.3696
chrX	129000000	130000000	0.4218
chrX	130000000	131000000	0.4150
chrX	131000000	132000000	0.3930
chrX	132000000	133000000	0.3947
chrX	133000000	134000000	0.4098
chrX	134000000	135000000	0.4104
chrX	135000000	136000000	0.4169
chrX	136000000	137000000	0.4118
chrX	137000000	138000000	0.4004
chrX	138000000	139000000	0.3817
chrX	139000000	140000000	0.3908
chrX	140000000	141000000	0.3954
chrX	141000000	142000000	0.3850
chrX	142000000	143000000	0.3751
chrX	143000000	144000000	0.3727
chrX	144000000	145000000	0.3634
chrX	145000000	146000000	0.3765
chrX	146000000	147000000	0.3745
chrX	147000000	148000000	0.3758
chrX	148000000	149000000	0.3881
chrX	149000000	150000000	0.4214
chrX	150000000	151000000	0.4357
chrX	151000000	152000000	0.4190
chrX	152000000	153000000	0.4153
chrX	153000000	154000000	0.5194
chrX	154000000	155000000	0.4832
chrX	155000000	156000000	0.3885
chrX	156000000	156040895	0.5521
chrY	0	1000000	0.4898
chrY	1000000	2000000	0.4827
chrY	2000000	3000000	0.4465
chrY	3000000	4000000	0.3606
chrY	4000000	5000000	0.3603
chrY	5000000	6000000	0.3595
chrY	6000000	7000000	0.3888
chrY	7000000	8000000	0.4144
chrY	8000000	9000000	0.4069
chrY	9000000	10000000	0.4187
chrY	10000000	11000000	0.4110
chrY	11000000	12000000	0.4146
chrY	12000000	13000000	0.4065
chrY	13000000	14000000	0.3883
chrY	14000000	15000000	0.3858
chrY	15000000	16000000	0.3893
chrY	16000000	17000000	0.3762
chrY	17000000	18000000	0.3898
chrY	18000000	19000000	0.3891
chrY	19000000	20000000	0.3862
chrY	20000000	21000000	0.3968
chrY	21000000	22000000	0.3979
chrY	22000000	23000000	0.3997
chrY	23000000	24000000	0.3804
chrY	24000000	25000000	0.4021
chrY	25000000	26000000	0.3982
chrY	26000000	27000000	0.3897
chrY	27000000	28000000	NA
chrY	28000000	29000000	NA
chrY	29000000	30000000	NA
chrY	30000000	31000000	NA
chrY	31000000	32000000	NA
chrY	32000000	33000000	NA
chrY	33000000	34000000	NA
chrY	34000000	35000000	NA
chrY	35000000	36000000	NA
chrY	36000000	37000000	NA
chrY	37000000	38000000	NA
chrY	38000000	39000000	NA
chrY	39000000	40000000	NA
chrY	40000000	41000000	NA
chrY	41000000	42000000	NA
chrY	42000000	43000000	NA
chrY	43000000	44000000	NA
chrY	44000000	45000000	NA
chrY	45000000	46000000	NA
chrY	46000000	47000000	NA
chrY	47000000	48000000	NA
chrY	48000000	49000000	NA
chrY	49000000	50000000	NA
chrY	50000000	51000000	NA
chrY	51000000	52000000	NA
chrY	52000000	53000000	NA
chrY	53000000	54000000	NA
chrY	54000000	55000000	NA
chrY	55000000	56000000	NA
chrY	56000000	57000000	0.3917
chrY	57000000	57227415	0.4203
