replicate	depth	f	type	size_mb	chrom	detected	source	f_called	f_lrr	f_baf	f_phase	origin_ok	origin	span_called	other_calls_on_chrom
0	30	0.05	gain	5	chr1	0		NA	NA	NA	NA	0		NA	0
0	30	0.05	loss	5	chr2	0		NA	NA	NA	NA	0		NA	0
0	30	0.05	LOH	5	chr3	0		NA	NA	NA	NA	0		NA	0
0	30	0.05	gain	10	chr4	0		NA	NA	NA	NA	0		NA	0
0	30	0.05	loss	10	chr5	0		NA	NA	NA	NA	0		NA	0
0	30	0.05	LOH	10	chr6	0		NA	NA	NA	NA	0		NA	0
0	30	0.05	gain	20	chr7	0		NA	NA	NA	NA	0		NA	0
0	30	0.05	loss	20	chr8	0		NA	NA	NA	NA	0		NA	0
0	30	0.05	LOH	20	chr9	0		NA	NA	NA	NA	0		NA	0
0	30	0.05	gain	50	chr10	0		NA	NA	NA	NA	0		NA	0
0	30	0.05	loss	50	chr11	0		NA	NA	NA	NA	0		NA	0
0	30	0.05	LOH	50	chr12	0		NA	NA	NA	NA	0		NA	0
0	30	0.1	gain	5	chr1	0		NA	NA	NA	NA	0		NA	0
0	30	0.1	loss	5	chr2	0		NA	NA	NA	NA	0		NA	0
0	30	0.1	LOH	5	chr3	0		NA	NA	NA	NA	0		NA	0
0	30	0.1	gain	10	chr4	0		NA	NA	NA	NA	0		NA	0
0	30	0.1	loss	10	chr5	1	depth	0.1101	0.1101	0.05825	0.09772	1	paternal copy lost	9	0
0	30	0.1	LOH	10	chr6	0		NA	NA	NA	NA	0		NA	0
0	30	0.1	gain	20	chr7	1	depth	0.1023	0.1023	0.1277	0.1277	1	extra copy paternal	20	0
0	30	0.1	loss	20	chr8	0		NA	NA	NA	NA	0		NA	0
0	30	0.1	LOH	20	chr9	1	phased	0.1055	NA	0.1055	0.1056	1	paternal copy retained (maternal replaced)	18.66	0
0	30	0.1	gain	50	chr10	1	depth	0.104	0.104	0.1277	0.1078	1	extra copy paternal	50	0
0	30	0.1	loss	50	chr11	0		NA	NA	NA	NA	0		NA	0
0	30	0.1	LOH	50	chr12	1	phased	0.1001	NA	0.1001	0.09984	1	paternal copy retained (maternal replaced)	49.48	0
0	30	0.2	gain	5	chr1	0		NA	NA	NA	NA	0		NA	0
0	30	0.2	loss	5	chr2	1	depth	0.2061	0.2061	0.1982	0.1827	1	paternal copy lost	5	0
0	30	0.2	LOH	5	chr3	0		NA	NA	NA	NA	0		NA	0
0	30	0.2	gain	10	chr4	1	depth	0.209	0.209	0.1978	0.2018	1	extra copy paternal	10	0
0	30	0.2	loss	10	chr5	1	depth	0.1969	0.1969	0.1982	0.1642	1	paternal copy lost	10	0
0	30	0.2	LOH	10	chr6	1	bands	0.19	NA	0.19	0.1851	1	paternal copy retained (maternal replaced)	9	0
0	30	0.2	gain	20	chr7	1	depth	0.2014	0.2014	0.1739	0.1775	1	extra copy paternal	20	0
0	30	0.2	loss	20	chr8	1	depth	0.1974	0.1974	0.2143	0.221	1	paternal copy lost	20	0
0	30	0.2	LOH	20	chr9	1	bands	0.2	NA	0.2	0.2124	1	paternal copy retained (maternal replaced)	20	0
0	30	0.2	gain	50	chr10	1	depth	0.1998	0.1998	0.1978	0.1942	1	extra copy paternal	50	0
0	30	0.2	loss	50	chr11	1	depth	0.1976	0.1976	0.1982	0.1902	1	paternal copy lost	50	0
0	30	0.2	LOH	50	chr12	1	bands	0.2	NA	0.2	0.2039	1	paternal copy retained (maternal replaced)	49	0
0	30	0.3	gain	5	chr1	1	depth	0.2693	0.2693	0.2727	0.2831	1	extra copy paternal	5	0
0	30	0.3	loss	5	chr2	1	depth	0.2873	0.2873	0.2906	0.2568	1	paternal copy lost	5	0
0	30	0.3	LOH	5	chr3	1	bands	0.29	NA	0.29	0.2869	1	paternal copy retained (maternal replaced)	5	0
0	30	0.3	gain	10	chr4	1	depth	0.3098	0.3098	0.2989	0.2467	1	extra copy paternal	10	0
0	30	0.3	loss	10	chr5	1	depth	0.3022	0.3022	0.2906	0.3159	1	paternal copy lost	10	0
0	30	0.3	LOH	10	chr6	1	bands	0.28	NA	0.28	0.3008	1	paternal copy retained (maternal replaced)	10	0
0	30	0.3	gain	20	chr7	1	depth	0.2961	0.2961	0.2989	0.3266	1	extra copy paternal	20	0
0	30	0.3	loss	20	chr8	1	depth	0.2955	0.2955	0.2906	0.2827	1	paternal copy lost	20	0
0	30	0.3	LOH	20	chr9	1	bands	0.29	NA	0.29	0.2881	1	paternal copy retained (maternal replaced)	20	0
0	30	0.3	gain	50	chr10	1	depth	0.2993	0.2993	0.2989	0.307	1	extra copy paternal	50	0
0	30	0.3	loss	50	chr11	1	depth	0.2966	0.2966	0.3051	0.2857	1	paternal copy lost	50	0
0	30	0.3	LOH	50	chr12	1	bands	0.3	NA	0.3	0.3051	1	paternal copy retained (maternal replaced)	49	0
0	30	0.5	gain	5	chr1	1	depth	0.4653	0.4653	0.439	0.4241	1	extra copy paternal	5	0
0	30	0.5	loss	5	chr2	1	depth	0.5053	0.5053	0.4848	0.5193	1	paternal copy lost	5	0
0	30	0.5	LOH	5	chr3	1	bands	0.46	NA	0.46	0.4839	1	paternal copy retained (maternal replaced)	5	0
0	30	0.5	gain	10	chr4	1	depth	0.5087	0.5087	0.5	0.5093	1	extra copy paternal	10	0
0	30	0.5	loss	10	chr5	1	depth	0.4878	0.4878	0.4848	0.4845	1	paternal copy lost	10	0
0	30	0.5	LOH	10	chr6	1	bands	0.47	NA	0.47	0.4894	1	paternal copy retained (maternal replaced)	8	0
0	30	0.5	gain	20	chr7	1	depth	0.4942	0.4942	0.5	0.4917	1	extra copy paternal	20	0
0	30	0.5	loss	20	chr8	1	depth	0.4949	0.4949	0.4848	0.5045	1	paternal copy lost	20	0
0	30	0.5	LOH	20	chr9	1	bands	0.47	NA	0.47	0.4973	1	paternal copy retained (maternal replaced)	20	0
0	30	0.5	gain	50	chr10	1	depth	0.5024	0.5024	0.5	0.5092	1	extra copy paternal	50	0
0	30	0.5	loss	50	chr11	1	depth	0.5012	0.5012	0.4848	0.5022	1	paternal copy lost	49	0
0	30	0.5	LOH	50	chr12	1	bands	0.47	NA	0.47	0.4927	1	paternal copy retained (maternal replaced)	49	0
0	30	1	gain	5	chr1	1	depth	0.92	0.92	0.9851	0.8944	1	extra copy paternal	5	0
0	30	1	loss	5	chr2	1	depth	0.9902	0.9902	0	0.9729	1	paternal copy lost	5	0
0	30	1	LOH	5	chr3	1	bands	1	NA	1	0.9919	1	paternal copy retained (maternal replaced)	5	0
0	30	1	gain	10	chr4	1	depth	0.999	0.999	0.9851	0.966	1	extra copy paternal	10	0
0	30	1	loss	10	chr5	1	depth	0.9937	0.9937	0	0.9826	1	paternal copy lost	10	0
0	30	1	LOH	10	chr6	1	bands	1	NA	1	0.9528	1	paternal copy retained (maternal replaced)	10	0
0	30	1	gain	20	chr7	1	depth	1.003	1.003	0.9851	1.011	1	extra copy paternal	20	0
0	30	1	loss	20	chr8	1	depth	1	1	0.1651	0.9912	1	paternal copy lost	20	0
0	30	1	LOH	20	chr9	1	bands	1	NA	1	0.9927	1	paternal copy retained (maternal replaced)	20	0
0	30	1	gain	50	chr10	1	depth	1.007	1.007	0.9851	0.9947	1	extra copy paternal	50	0
0	30	1	loss	50	chr11	1	depth	1	1	0.8024	0.9971	1	paternal copy lost	49	0
0	30	1	LOH	50	chr12	1	bands	1	NA	1	0.9937	1	paternal copy retained (maternal replaced)	49	0
